"URL","Route File","Route Status","Indexability","Title","Title Count","H1","H1 Count","Meta Description","Canonical","Open Graph","Twitter Card","Schema Types","Internal Links In","Internal Links Out","Broken Links","Notes"
"/about","app/about/page.tsx","Built static 200 route","Indexable","About Softzino Technologies | Software Engineering Company","1","Empowering Global Enterprises Through Intelligent Software Engineering","1","Learn about Softzino Technologies, a software engineering company founded in 2015 with global delivery teams and product expertise.","https://www.softzino.com/about","Complete","Complete","Organization; WebSite","44","9","",""
"/cookie-notice","app/cookie-notice/page.tsx","Built static 200 route","Indexable","Cookie Notice | Softzino Technologies","1","Cookie Notice","1","Read how Softzino Technologies describes website cookie use and related visitor preferences.","https://www.softzino.com/cookie-notice","Complete","Complete","Organization; WebSite","44","9","",""
"/hire-developers","app/hire-developers/page.tsx","Built static 200 route","Indexable","Hire Developers | Dedicated Software Engineers | Softzino","1","Hire Skilled Developers to Build, Scale & Accelerate Your Product","1","Hire vetted frontend, backend, mobile, QA, DevOps, and full-stack developers from Softzino for flexible team scaling.","https://www.softzino.com/hire-developers","Complete","Complete","Organization; WebSite","44","17","",""
"/imprint","app/imprint/page.tsx","Built static 200 route","Indexable","Imprint / Impressum | Softzino Technologies","1","Imprint / Impressum","1","Find Softzino Technologies office and business inquiry information for company reference.","https://www.softzino.com/imprint","Complete","Complete","Organization; WebSite","44","9","",""
"/","app/page.tsx","Built static 200 route","Indexable","Software Development Company | Softzino Technologies","1","Software Development Company for Product Engineering and Team Growth","1","Softzino Technologies builds custom software, cloud, AI, data, and dedicated engineering teams for startups and enterprises.","https://www.softzino.com","Complete","Complete","Organization; WebSite","44","10","",""
"/off-the-shelf-solutions","app/off-the-shelf-solutions/page.tsx","Built static 200 route","Indexable","Business Software Solutions | ERP, POS, EdTech | Softzino","1","Portfolio Solutions Built for Real Business Workflows","1","Explore Softzino portfolio solutions including ERP, POS, education, and automotive workflow products built for real businesses.","https://www.softzino.com/off-the-shelf-solutions","Complete","Complete","Organization; WebSite","44","10","",""
"/press-kit","app/press-kit/page.tsx","Built static 200 route","Indexable","Press Kit | Softzino Technologies","1","Press Kit","1","Access Softzino Technologies company overview, service areas, office locations, and media request information.","https://www.softzino.com/press-kit","Complete","Complete","Organization; WebSite","44","9","",""
"/privacy-notice","app/privacy-notice/page.tsx","Built static 200 route","Indexable","Privacy Notice | Softzino Technologies","1","Privacy Notice","1","Read Softzino Technologies privacy notice for information about data collection, processing, and rights.","https://www.softzino.com/privacy-notice","Complete","Complete","Organization; WebSite","44","9","",""
"/services","app/services/page.tsx","Built static 200 route","Indexable","Software Development Services | Softzino Technologies","1","Accelerating Digital Excellence Through Engineering.","1","Explore Softzino's software development, cloud, data, AI, QA, mobile, web, and dedicated engineering team services.","https://www.softzino.com/services","Complete","Complete","Organization; WebSite","31","43","",""
"/services/api-development","app/services/api-development/page.tsx","Built static 200 route","Indexable","API Development Company | Secure API Services | Softzino","1","Connect Your Ecosystem with Powerful APIs","1","Build secure, scalable APIs and integrations for SaaS products, enterprise systems, partners, and internal platforms.","https://www.softzino.com/services/api-development","Complete","Complete","Organization; WebSite; BreadcrumbList; Service","5","12","",""
"/services/application-modernization","app/services/application-modernization/page.tsx","Built static 200 route","Indexable","Application Modernization Services | Softzino Technologies","1","Application Modernization","1","Modernize legacy applications with cloud-ready architecture, refactoring, integration, performance improvement, and delivery planning.","https://www.softzino.com/services/application-modernization","Complete","Complete","Organization; WebSite; BreadcrumbList; Service","7","13","",""
"/services/artificial-intelligence","app/services/artificial-intelligence/page.tsx","Built static 200 route","Indexable","AI Development Company | Custom AI Solutions | Softzino","1","Artificial Intelligence","1","Build custom AI, machine learning, generative AI, chatbot, NLP, and computer vision solutions for real business workflows.","https://www.softzino.com/services/artificial-intelligence","Complete","Complete","Organization; WebSite; BreadcrumbList; Service","3","12","",""
"/services/cloud-consulting","app/services/cloud-consulting/page.tsx","Built static 200 route","Indexable","Cloud Consulting Services | AWS, Azure, GCP | Softzino","1","Strategic Cloud Consulting","1","Plan secure, scalable cloud architecture, migration, cost optimization, and operating models across AWS, Azure, and GCP.","https://www.softzino.com/services/cloud-consulting","Complete","Complete","Organization; WebSite; BreadcrumbList; Service","7","13","",""
"/services/cloud-managed-services","app/services/cloud-managed-services/page.tsx","Built static 200 route","Indexable","Cloud Managed Services | Monitoring & Reliability | Softzino","1","Cloud Managed Services","1","Keep cloud environments secure, reliable, backed up, monitored, and optimized with Softzino managed cloud services.","https://www.softzino.com/services/cloud-managed-services","Complete","Complete","Organization; WebSite; BreadcrumbList; Service","4","13","",""
"/services/cloud-migration","app/services/cloud-migration/page.tsx","Built static 200 route","Indexable","Cloud Migration Services | Softzino Technologies","1","Seamless Cloud Migration","1","Move applications, data, and workloads to the cloud with migration planning, execution, validation, and risk control.","https://www.softzino.com/services/cloud-migration","Complete","Complete","Organization; WebSite; BreadcrumbList; Service","3","13","",""
"/services/data-migration","app/services/data-migration/page.tsx","Built static 200 route","Indexable","Data Migration Services | Secure Data Transfer | Softzino","1","Seamless Data Migration Services.","1","Migrate, cleanse, map, and validate business data across modern platforms while protecting integrity and continuity.","https://www.softzino.com/services/data-migration","Complete","Complete","Organization; WebSite; BreadcrumbList; Service","1","10","",""
"/services/data-platform-engineering","app/services/data-platform-engineering/page.tsx","Built static 200 route","Indexable","Data Engineering Services | Data Platforms | Softzino","1","Modern Data Platform Engineering","1","Design scalable data platforms, warehouses, lakes, pipelines, and real-time analytics foundations with Softzino engineers.","https://www.softzino.com/services/data-platform-engineering","Complete","Complete","Organization; WebSite; BreadcrumbList; Service","1","10","",""
"/services/data-strategy-and-governance","app/services/data-strategy-and-governance/page.tsx","Built static 200 route","Indexable","Data Strategy & Governance Consulting | Softzino","1","Data Strategy & Governance Engineering","1","Build trusted data strategy, ownership, quality, governance, and operating models for reliable analytics and decisions.","https://www.softzino.com/services/data-strategy-and-governance","Complete","Complete","Organization; WebSite; BreadcrumbList; Service","2","9","",""
"/services/dedicated-development-team","app/services/dedicated-development-team/page.tsx","Built static 200 route","Indexable","Dedicated Development Team | Softzino Technologies","1","Dedicated Development Team","1","Build an autonomous dedicated software development team with product, design, engineering, QA, and delivery support.","https://www.softzino.com/services/dedicated-development-team","Complete","Complete","Organization; WebSite; BreadcrumbList; Service","5","9","",""
"/services/devops","app/services/devops/page.tsx","Built static 200 route","Indexable","DevOps Consulting Services | CI/CD & Cloud Automation | Softzino","1","DevOps & CI/CD Engineering","1","Improve deployment speed, reliability, automation, infrastructure, and CI/CD pipelines with Softzino DevOps engineers.","https://www.softzino.com/services/devops","Complete","Complete","Organization; WebSite; BreadcrumbList; Service","6","13","",""
"/services/embedded-systems","app/services/embedded-systems/page.tsx","Built static 200 route","Indexable","Embedded Software Development Company | Softzino","1","Powering Hardware with Intelligent Software","1","Build embedded software, firmware, RTOS, drivers, connectivity, and secure device workflows for hardware products.","https://www.softzino.com/services/embedded-systems","Complete","Complete","Organization; WebSite; BreadcrumbList; Service","4","12","",""
"/services/experience-design","app/services/experience-design/page.tsx","Built static 200 route","Indexable","Experience Design Services | Research & Service Design | Softzino","1","Human-Centric Design for Digital Excellence","1","Design better digital journeys with user research, interaction strategy, service design, and experience optimization.","https://www.softzino.com/services/experience-design","Complete","Complete","Organization; WebSite; BreadcrumbList; Service","3","13","",""
"/services/forward-deployed-ai-engineering","app/services/forward-deployed-ai-engineering/page.tsx","Built static 200 route","Indexable","Forward Deployed AI Engineering | Softzino Technologies","1","Forward Deployed AI Engineering","1","Embed AI engineers with your team to design, build, integrate, and operationalize custom AI workflows.","https://www.softzino.com/services/forward-deployed-ai-engineering","Complete","Complete","Organization; WebSite; BreadcrumbList; Service","1","9","",""
"/services/iot-wearable-solutions","app/services/iot-wearable-solutions/page.tsx","Built static 200 route","Indexable","IoT Development Company | Wearable & Cloud Solutions | Softzino","1","Connecting the Physical and Digital Worlds","1","Build connected IoT and wearable products with firmware, sensors, cloud platforms, analytics, and secure integrations.","https://www.softzino.com/services/iot-wearable-solutions","Complete","Complete","Organization; WebSite; BreadcrumbList; Service","4","11","",""
"/services/it-staffing","app/services/it-staffing/page.tsx","Built static 200 route","Indexable","IT Staffing Services for Software Teams | Softzino","1","Securing Top-Tier Technical Talent for Market Leaders.","1","Find vetted technical talent for software, product, QA, cloud, and delivery roles with Softzino staffing support.","https://www.softzino.com/services/it-staffing","Complete","Complete","Organization; WebSite; BreadcrumbList; Service","3","13","",""
"/services/managed-engineering-team","app/services/managed-engineering-team/page.tsx","Built static 200 route","Indexable","Managed Software Development Team | Softzino Technologies","1","Managed Engineering Team","1","Run software delivery with a managed engineering team, governance, reporting, QA, DevOps, and delivery accountability.","https://www.softzino.com/services/managed-engineering-team","Complete","Complete","Organization; WebSite; BreadcrumbList; Service","2","13","",""
"/services/marketing-automation","app/services/marketing-automation/page.tsx","Built static 200 route","Indexable","Marketing Automation Services | CRM & Lead Workflows | Softzino","1","Scale Your Growth with Intelligent Automation","1","Automate lead management, CRM workflows, campaigns, integrations, and reporting across modern marketing platforms.","https://www.softzino.com/services/marketing-automation","Complete","Complete","Organization; WebSite; BreadcrumbList; Service","1","12","",""
"/services/mobile-app-development","app/services/mobile-app-development/page.tsx","Built static 200 route","Indexable","Mobile App Development Company | iOS, Android, Flutter | Softzino","1","Building High-Performance Native & Cross-Platform Experiences","1","Design and build native and cross-platform mobile apps for startups, enterprises, and industry-specific workflows.","https://www.softzino.com/services/mobile-app-development","Complete","Complete","Organization; WebSite; BreadcrumbList; Service","3","14","",""
"/services/mvp-development","app/services/mvp-development/page.tsx","Built static 200 route","Indexable","MVP Development Company | Softzino Technologies","1","Accelerate Your Path to Market with Precision MVPs","1","Launch a focused MVP with product strategy, UX, engineering, QA, and scalable architecture from Softzino.","https://www.softzino.com/services/mvp-development","Complete","Complete","Organization; WebSite; BreadcrumbList; Service","4","12","",""
"/services/physical-ai","app/services/physical-ai/page.tsx","Built static 200 route","Indexable","Physical AI Development | Robotics & Edge AI | Softzino","1","Bridging the Gap Between Intelligence and Action. Integrating AI with physical systems like robotics and edge devices.","1","Integrate AI with robotics, edge devices, sensors, and physical systems for real-time autonomous action.","https://www.softzino.com/services/physical-ai","Complete","Complete","Organization; WebSite; BreadcrumbList; Service","2","13","",""
"/services/plugin-development","app/services/plugin-development/page.tsx","Built static 200 route","Indexable","Plugin Development Services | Custom Extensions | Softzino","1","Extend Your Software Capabilities with Custom Plugins","1","Build custom plugins, browser extensions, CMS modules, CRM add-ons, and integrations that extend existing platforms.","https://www.softzino.com/services/plugin-development","Complete","Complete","Organization; WebSite; BreadcrumbList; Service","2","9","",""
"/services/product-management","app/services/product-management/page.tsx","Built static 200 route","Indexable","Product Management Consulting | Strategy & Roadmaps | Softzino","1","Strategic Product Vision from Concept to Scale","1","Align product strategy, roadmaps, requirements, delivery planning, and engineering execution with Softzino product experts.","https://www.softzino.com/services/product-management","Complete","Complete","Organization; WebSite; BreadcrumbList; Service","3","12","",""
"/services/quality-engineering","app/services/quality-engineering/page.tsx","Built static 200 route","Indexable","QA Testing Services | Quality Engineering | Softzino","1","Ensuring Uncompromising Digital Excellence","1","Improve release confidence with manual testing, automation testing, performance testing, QA strategy, and CI/CD quality workflows.","https://www.softzino.com/services/quality-engineering","Complete","Complete","Organization; WebSite; BreadcrumbList; Service","8","13","",""
"/services/reporting-and-business-intelligence","app/services/reporting-and-business-intelligence/page.tsx","Built static 200 route","Indexable","Business Intelligence Consulting Services | Softzino","1","Actionable Business Intelligence & Reporting","1","Turn business data into dashboards, reporting systems, predictive insights, and operational decision support.","https://www.softzino.com/services/reporting-and-business-intelligence","Complete","Complete","Organization; WebSite; BreadcrumbList; Service","1","10","",""
"/services/semiconductor-testing","app/services/semiconductor-testing/page.tsx","Built static 200 route","Indexable","Semiconductor Testing Services | Validation & ATE | Softzino","1","Precision Testing for Next-Generation Silicon","1","Support semiconductor validation, DFT, ATE engineering, reliability testing, and test automation for next-generation silicon.","https://www.softzino.com/services/semiconductor-testing","Complete","Complete","Organization; WebSite; BreadcrumbList; Service","2","13","",""
"/services/skill-development","app/services/skill-development/page.tsx","Built static 200 route","Indexable","Software Engineering Training & Skill Development | Softzino","1","Empower Your Engineering Workforce.","1","Upskill engineering teams with technical training, agile coaching, leadership development, and AI adoption workshops.","https://www.softzino.com/services/skill-development","Complete","Complete","Organization; WebSite; BreadcrumbList; Service","1","13","",""
"/services/staff-augmentation","app/services/staff-augmentation/page.tsx","Built static 200 route","Indexable","IT Staff Augmentation Services | Softzino Technologies","1","Staff Augmentation","1","Augment your software team with vetted engineers, QA, cloud, and product specialists who integrate into your workflows.","https://www.softzino.com/services/staff-augmentation","Complete","Complete","Organization; WebSite; BreadcrumbList; Service","3","13","",""
"/services/system-integration","app/services/system-integration/page.tsx","Built static 200 route","Indexable","System Integration Company | Enterprise Software Integration | Softzino","1","System Integration","1","Connect software, data, APIs, hardware, and business workflows into reliable enterprise systems.","https://www.softzino.com/services/system-integration","Complete","Complete","Organization; WebSite; BreadcrumbList; Service","5","13","",""
"/services/team-extension","app/services/team-extension/page.tsx","Built static 200 route","Indexable","Software Development Team Extension | Softzino","1","Team Extension","1","Extend your engineering team with remote specialists who work inside your tools, process, and delivery cadence.","https://www.softzino.com/services/team-extension","Complete","Complete","Organization; WebSite; BreadcrumbList; Service","3","13","",""
"/services/ui-ux-design","app/services/ui-ux-design/page.tsx","Built static 200 route","Indexable","UI/UX Design Services | Product Design | Softzino","1","Crafting Intuitive and Impactful Digital Experiences","1","Design intuitive web and mobile product experiences with research, prototyping, visual design, testing, and design systems.","https://www.softzino.com/services/ui-ux-design","Complete","Complete","Organization; WebSite; BreadcrumbList; Service","6","13","",""
"/services/web-application-development","app/services/web-application-development/page.tsx","Built static 200 route","Indexable","Web Application Development Company | Softzino","1","High-Performance Web Solutions for Enterprise","1","Build secure, scalable, high-performance web applications with modern frontend, backend, cloud, and QA engineering.","https://www.softzino.com/services/web-application-development","Complete","Complete","Organization; WebSite; BreadcrumbList; Service","7","9","",""
"/services/web-service-development","app/services/web-service-development/page.tsx","Built static 200 route","Indexable","Backend Development Services | Web Service Engineering | Softzino","1","Building Seamless Backends for Modern Apps","1","Build reliable backend services, APIs, data layers, and microservice architectures for modern applications.","https://www.softzino.com/services/web-service-development","Complete","Complete","Organization; WebSite; BreadcrumbList; Service","2","12","",""
"/solutions/custom-software-solutions","app/solutions/custom-software-solutions/page.tsx","Built static 200 route","Indexable","Custom Software Development Company | Softzino","1","Custom SoftwareDevelopment Company","1","Build secure, scalable software around your business requirements. Softzino provides end-to-end custom software development, testing, deployment and support.","https://www.softzino.com/solutions/custom-software-solutions","Complete","Complete","Organization; WebSite; Service; BreadcrumbList; FAQPage","1","16","",""
"/terms-and-conditions","app/terms-and-conditions/page.tsx","Built static 200 route","Indexable","Terms & Conditions | Softzino Technologies","1","Terms & Conditions","1","Read the terms and conditions for using Softzino Technologies website and services information.","https://www.softzino.com/terms-and-conditions","Complete","Complete","Organization; WebSite","44","9","",""