"URL","PageType","CurrentTitle","CurrentH1","PrimaryKeyword","SearchIntent","TargetMarket","Priority","Status","NextAction"
"/","Homepage","Softzino Technologies | Engineering Digital Products That Drive Business Growth","Engineering Digital Products That Drive Business Growth","software development company","Commercial","Global English; validate USA/UK/Canada","High","Planned","Refocus homepage around core commercial positioning and link to priority service clusters."
"/about","Company trust page","About Us | Softzino Technologies","Empowering Global Enterprises Through Intelligent Software Engineering","software engineering company","Navigational/commercial trust","Global English","Medium","Planned","Add leadership, verified office info, recognition explanation, company timeline, and proof links."
"/services","Service hub","Services | Softzino Technologies","Accelerating Digital Excellence Through Engineering.","software development services","Commercial/service discovery","Global English","High","Planned","Turn into a stronger hub with service summaries, buyer paths, and internal links."
"/hire-developers","Hiring hub","Hire Developers | Softzino Technologies","Hire Skilled Developers to Build, Scale & Accelerate Your Product","hire developers","Commercial","Global English; validate USA/UK/Europe","High","Planned","Fix heading hierarchy, wire form, add vetting/process/pricing/time zone/IP proof."
"/off-the-shelf-solutions","Portfolio/product proof","Off-the-Shelf Solutions | Softzino Technologies","Portfolio Solutions Built for Real Business Workflows","business software solutions","Commercial investigation","Global English","Medium","Planned","Add individual product/case pages and screenshots."
"/solutions/custom-software-solutions","Custom Software Solutions service page","Custom Software Development Company | Softzino","Custom Software Development Company","custom software development company","Commercial","USA primary target; accurate international wording","High","Partially implemented","Implemented approved keyword cluster at the live URL path; keep USA variations as secondary keywords, not separate pages."
"/services/api-development","Service page","API Development | Softzino Technologies","Connect Your Ecosystem with Powerful APIs","API development company","Commercial","Global English","High","Planned","Differentiate from web service and system integration pages; add security and governance FAQs."
"/services/application-modernization","Service page","Application Modernization | Softzino Technologies","Application Modernization","application modernization services","Commercial","Global English","High","Planned","Add assessment CTA, modernization approaches, risk controls, and proof."
"/services/artificial-intelligence","Service page","Artificial Intelligence | Softzino Technologies","Artificial Intelligence","AI development company","Commercial","Global English","High","Planned","Add concrete use cases, model/security approach, demos, FAQs, and case proof."
"/services/cloud-consulting","Service page","Strategic Cloud Consulting | Softzino Technologies","Strategic Cloud Consulting","cloud consulting services","Commercial","Global English","High","Planned","Verify numeric claims, add cloud assessment CTA, and link to migration/managed/DevOps pages."
"/services/cloud-managed-services","Service page","Cloud Managed Services | Softzino Technologies","Cloud Managed Services","cloud managed services","Commercial","Global English","Medium","Planned","Clarify SLAs, coverage hours, monitoring stack, incident process, and security scope."
"/services/cloud-migration","Service page","Seamless Cloud Migration | Softzino Technologies","Seamless Cloud Migration","cloud migration services","Commercial","Global English","High","Planned","Add checklist, migration phases, rollback plan, and platform examples."
"/services/data-migration","Service page","Data Migration | Softzino Technologies","Seamless Data Migration Services.","data migration services","Commercial","Global English","Medium","Planned","Add platform examples, validation process, risk controls, and BI links."
"/services/data-platform-engineering","Service page","Modern Data Platform Engineering | Softzino Technologies","Modern Data Platform Engineering","data engineering services","Commercial","Global English","High","Planned","Expand page urgently; add H2 sections, architecture, platforms, use cases, FAQs, CTA."
"/services/data-strategy-and-governance","Service page","Data Strategy & Governance Engineering | Softzino Technologies","Data Strategy & Governance Engineering","data governance consulting","Commercial","Global English","Medium","Planned","Clarify frameworks, ownership model, quality metrics, and compliance."
"/services/dedicated-development-team","Service page","Dedicated Development Team | Softzino Technologies","Dedicated Development Team","dedicated development team","Commercial","Global English; validate USA/UK/Europe","High","Planned","Differentiate from staff augmentation and managed team; add sample team, governance, rates, proof."
"/services/devops","Service page","DevOps & CI/CD Engineering | Softzino Technologies","DevOps & CI/CD Engineering","DevOps consulting services","Commercial","Global English","High","Planned","Add metrics, toolchain, reliability/process details, and FAQs."
"/services/embedded-systems","Service page","Embedded Systems | Softzino Technologies","Powering Hardware with Intelligent Software","embedded software development company","Commercial","Global English","Medium","Planned","Add technical proof, hardware examples, validation methods, and industry use cases."
"/services/experience-design","Service page","Experience Design | Softzino Technologies","Human-Centric Design for Digital Excellence","experience design services","Commercial/investigation","Global English","Medium","Planned","Differentiate from UI/UX page with research, journey, and service design focus."
"/services/forward-deployed-ai-engineering","Service page","Forward Deployed AI Engineering | Softzino Technologies","Forward Deployed AI Engineering","forward deployed AI engineering","Commercial","Global English","Medium","Planned","Define offering and buyer use cases; add security and engagement model."
"/services/iot-wearable-solutions","Service page","IoT & Wearable Solutions | Softzino Technologies","Connecting the Physical and Digital Worlds","IoT development company","Commercial","Global English","Medium","Planned","Add device examples, data flow, cloud platforms, and proof."
"/services/it-staffing","Service page","IT Staffing | Softzino Technologies","Securing Top-Tier Technical Talent for Market Leaders.","IT staffing services","Commercial","Global English; validate USA/UK","Medium","Planned","Clarify whether this is recruiting, staff augmentation, or placement; avoid overlap."
"/services/managed-engineering-team","Service page","Managed Engineering Team | Softzino Technologies","Managed Engineering Team","managed software development team","Commercial","Global English","Medium","Planned","Add SLAs, reporting model, ownership, escalation, and delivery governance."
"/services/marketing-automation","Service page","Marketing Automation | Softzino Technologies","Scale Your Growth with Intelligent Automation","marketing automation services","Commercial","Global English","Medium","Planned","Add platform pages/examples for HubSpot, Marketo, Mailchimp if demand exists."
"/services/mobile-app-development","Service page","Mobile App Development | Softzino Technologies","Building High-Performance Native & Cross-Platform Experiences","mobile app development company","Commercial","Global English","High","Planned","Add portfolio screenshots, platform comparison, app store process, and FAQs."
"/services/mvp-development","Service page","MVP Development | Softzino Technologies","Accelerate Your Path to Market with Precision MVPs","MVP development company","Commercial","Global English","High","Planned","Add discovery process, timeline, cost guidance, founder objections, and case examples."
"/services/physical-ai","Service page","Physical AI | Softzino Technologies","Bridging the Gap Between Intelligence and Action. Integrating AI with physical systems like robotics and edge devices.","physical AI development","Commercial/investigation","Global English","Medium","Planned","Add technical proof, diagrams, device examples, and safety/reliability content."
"/services/plugin-development","Service page","Plugin Development | Softzino Technologies","Extend Your Software Capabilities with Custom Plugins","plugin development services","Commercial","Global English","Medium","Planned","Add platform examples and decide whether WordPress/browser/CRM deserve subpages."
"/services/product-management","Service page","Product Management | Softzino Technologies","Strategic Product Vision from Concept to Scale","product management consulting","Commercial/investigation","Global English","Medium","Planned","Clarify standalone consulting vs bundled product delivery."
"/services/quality-engineering","Service page","Quality Engineering | Softzino Technologies","Ensuring Uncompromising Digital Excellence","QA testing services","Commercial","Global English","High","Planned","Add automation framework examples, defect metrics, CI/CD integration, and FAQs."
"/services/reporting-and-business-intelligence","Service page","Reporting & Business Intelligence | Softzino Technologies","Actionable Business Intelligence & Reporting","business intelligence consulting services","Commercial","Global English","Medium","Planned","Add dashboard examples, tool comparisons, and business outcomes."
"/services/semiconductor-testing","Service page","Semiconductor Testing | Softzino Technologies","Precision Testing for Next-Generation Silicon","semiconductor testing services","Commercial","Global English","Medium","Planned","Add facilities/process/proof, tool experience, and client permission."
"/services/skill-development","Service page","Skill Development | Softzino Technologies","Empower Your Engineering Workforce.","software engineering training","Commercial/investigation","Global English; local markets if training is local","Low","Planned","Clarify audience, format, geography, and whether it is a revenue priority."
"/services/staff-augmentation","Service page","Staff Augmentation | Softzino Technologies","Staff Augmentation","IT staff augmentation services","Commercial","Global English; validate USA/UK/Europe","High","Planned","Add vetting, onboarding, time zone, IP/security, rates, and comparison links."
"/services/system-integration","Service page","System Integration | Softzino Technologies","System Integration","system integration company","Commercial","Global English","High","Planned","Add integration examples, architecture, ERP/CRM/platform proof, and FAQs."
"/services/team-extension","Service page","Team Extension | Softzino Technologies","Team Extension","software development team extension","Commercial","Global English; validate Europe","Medium","Planned","Differentiate from staff augmentation and dedicated team; add management ownership clarity."
"/services/ui-ux-design","Service page","UI/UX Design | Softzino Technologies","Crafting Intuitive and Impactful Digital Experiences","UI UX design services","Commercial","Global English","Medium","Planned","Add portfolio visuals, UX process, usability testing, and design system proof."
"/services/web-application-development","Service page","Web Application Development | Softzino Technologies","High-Performance Web Solutions for Enterprise","web application development company","Commercial","Global English","High","Planned","Add architecture examples, proof, tech stack, security, and FAQs."
"/services/web-service-development","Service page","Web Service Development | Softzino Technologies","Building Seamless Backends for Modern Apps","backend development services","Commercial","Global English","Medium","Planned","Differentiate from API development by focusing on backend service architecture."
"/privacy-notice","Legal utility","Privacy Notice | Softzino Technologies","Privacy Notice","Softzino privacy notice","Navigational/legal","Global","Low","Planned","Consider noindex unless legal discoverability is required."
"/terms-and-conditions","Legal utility","Terms & Conditions | Softzino Technologies","Terms & Conditions","Softzino terms and conditions","Navigational/legal","Global","Low","Planned","Consider noindex unless legal discoverability is required."
"/cookie-notice","Legal utility","Cookie Notice | Softzino Technologies","Cookie Notice","Softzino cookie notice","Navigational/legal","Global","Low","Planned","Consider noindex unless required."
"/imprint","Company/legal utility","Imprint / Impressum | Softzino Technologies","Imprint / Impressum","Softzino offices","Navigational/trust","Global","Low","Planned","Resolve address inconsistency before using for local schema."
"/press-kit","Company/media utility","Press Kit | Softzino Technologies","Press Kit","Softzino press kit","Navigational/media","Global","Low","Planned","Expand only if PR/media is a priority; otherwise keep as trust support."
