Seed ID,Keyword,Market,Language,Service Cluster,Intent,Buyer Stage,Page Type,Suggested Target URL,Keyword Role,Volume,CPC,KD,SERP Features,Dominant SERP Page Type,Business Value,Proof Needed,Status,Source,Source Date,Notes
S-001,software development company,Global English,English,Core Software Positioning,Commercial,Vendor shortlist,Service page,/,Primary candidate,,,,Validate in Semrush,Validate manually,High,"Company capabilities, clients, case studies, and delivery model",Research Required,Softzino service catalog and existing SEO planning files,2026-09-09,"Confirm country-level demand, intent, SERP type, and business fit before approval."
S-002,software engineering company,Global English,English,Core Software Positioning,Commercial,Vendor shortlist,Service page,/,Secondary candidate,,,,Validate in Semrush,Validate manually,High,"Company capabilities, clients, case studies, and delivery model",Research Required,Softzino service catalog and existing SEO planning files,2026-09-09,"Confirm country-level demand, intent, SERP type, and business fit before approval."
S-003,software development services,Global English,English,Core Software Positioning,Commercial,Vendor shortlist,Service page,/,Secondary candidate,,,,Validate in Semrush,Validate manually,High,"Company capabilities, clients, case studies, and delivery model",Research Required,Softzino service catalog and existing SEO planning files,2026-09-09,"Confirm country-level demand, intent, SERP type, and business fit before approval."
S-004,product engineering company,Global English,English,Core Software Positioning,Commercial,Vendor shortlist,Service page,/,Secondary candidate,,,,Validate in Semrush,Validate manually,High,"Company capabilities, clients, case studies, and delivery model",Research Required,Softzino service catalog and existing SEO planning files,2026-09-09,"Confirm country-level demand, intent, SERP type, and business fit before approval."
S-005,digital product engineering services,Global English,English,Core Software Positioning,Commercial,Vendor shortlist,Service page,/,Secondary candidate,,,,Validate in Semrush,Validate manually,High,"Company capabilities, clients, case studies, and delivery model",Research Required,Softzino service catalog and existing SEO planning files,2026-09-09,"Confirm country-level demand, intent, SERP type, and business fit before approval."
S-006,enterprise software development company,Global English,English,Core Software Positioning,Commercial,Vendor shortlist,Service page,/,Secondary candidate,,,,Validate in Semrush,Validate manually,High,"Company capabilities, clients, case studies, and delivery model",Research Required,Softzino service catalog and existing SEO planning files,2026-09-09,"Confirm country-level demand, intent, SERP type, and business fit before approval."
S-007,software outsourcing company,Global English,English,Core Software Positioning,Commercial,Vendor shortlist,Service page,/,Secondary candidate,,,,Validate in Semrush,Validate manually,High,"Company capabilities, clients, case studies, and delivery model",Research Required,Softzino service catalog and existing SEO planning files,2026-09-09,"Confirm country-level demand, intent, SERP type, and business fit before approval."
S-008,software consulting company,Global English,English,Core Software Positioning,Commercial,Vendor shortlist,Service page,/,Secondary candidate,,,,Validate in Semrush,Validate manually,High,"Company capabilities, clients, case studies, and delivery model",Research Required,Softzino service catalog and existing SEO planning files,2026-09-09,"Confirm country-level demand, intent, SERP type, and business fit before approval."
S-009,custom software development company,United States,English,Custom Software Development,Commercial,Vendor shortlist,Service page,/solutions/custom-software-solutions,Primary candidate,,,,Validate in Semrush,Validate manually,High,"Approved custom software case studies, process, IP terms, and project outcomes",Research Required,Softzino service catalog and existing SEO planning files,2026-09-09,Approved page target; validate exact Semrush metrics and avoid claiming Softzino is USA-based.
S-010,custom software development services,Global English,English,Custom Software Development,Commercial,Vendor shortlist,Service page,/solutions/custom-software-solutions,Secondary candidate,,,,Validate in Semrush,Validate manually,High,"Approved custom software case studies, process, IP terms, and project outcomes",Research Required,Softzino service catalog and existing SEO planning files,2026-09-09,"Confirm country-level demand, intent, SERP type, and business fit before approval."
S-011,custom software solutions company,Global English,English,Custom Software Development,Commercial,Vendor shortlist,Service page,/solutions/custom-software-solutions,Secondary candidate,,,,Validate in Semrush,Validate manually,High,"Approved custom software case studies, process, IP terms, and project outcomes",Research Required,Softzino service catalog and existing SEO planning files,2026-09-09,"Confirm country-level demand, intent, SERP type, and business fit before approval."
S-012,custom application development company,Global English,English,Custom Software Development,Commercial,Vendor shortlist,Service page,/solutions/custom-software-solutions,Secondary candidate,,,,Validate in Semrush,Validate manually,High,"Approved custom software case studies, process, IP terms, and project outcomes",Research Required,Softzino service catalog and existing SEO planning files,2026-09-09,"Confirm country-level demand, intent, SERP type, and business fit before approval."
S-013,enterprise custom software development,Global English,English,Custom Software Development,Commercial,Vendor shortlist,Service page,/solutions/custom-software-solutions,Secondary candidate,,,,Validate in Semrush,Validate manually,High,"Approved custom software case studies, process, IP terms, and project outcomes",Research Required,Softzino service catalog and existing SEO planning files,2026-09-09,"Confirm country-level demand, intent, SERP type, and business fit before approval."
S-014,custom software developers,Global English,English,Custom Software Development,Commercial,Vendor shortlist,Service page,/solutions/custom-software-solutions,Secondary candidate,,,,Validate in Semrush,Validate manually,High,"Approved custom software case studies, process, IP terms, and project outcomes",Research Required,Softzino service catalog and existing SEO planning files,2026-09-09,"Confirm country-level demand, intent, SERP type, and business fit before approval."
S-015,end-to-end custom software development,Global English,English,Custom Software Development,Commercial,Vendor shortlist,Service page,/solutions/custom-software-solutions,Secondary candidate,,,,Validate in Semrush,Validate manually,High,"Approved custom software case studies, process, IP terms, and project outcomes",Research Required,Softzino service catalog and existing SEO planning files,2026-09-09,"Confirm country-level demand, intent, SERP type, and business fit before approval."
S-016,business software development company,Global English,English,Custom Software Development,Commercial,Vendor shortlist,Service page,/solutions/custom-software-solutions,Secondary candidate,,,,Validate in Semrush,Validate manually,High,"Approved custom software case studies, process, IP terms, and project outcomes",Research Required,Softzino service catalog and existing SEO planning files,2026-09-09,"Confirm country-level demand, intent, SERP type, and business fit before approval."
S-017,tailored software development services,Global English,English,Custom Software Development,Commercial,Vendor shortlist,Service page,/solutions/custom-software-solutions,Secondary candidate,,,,Validate in Semrush,Validate manually,High,"Approved custom software case studies, process, IP terms, and project outcomes",Research Required,Softzino service catalog and existing SEO planning files,2026-09-09,"Confirm country-level demand, intent, SERP type, and business fit before approval."
S-018,custom enterprise application development,Global English,English,Custom Software Development,Commercial,Vendor shortlist,Service page,/solutions/custom-software-solutions,Secondary candidate,,,,Validate in Semrush,Validate manually,High,"Approved custom software case studies, process, IP terms, and project outcomes",Research Required,Softzino service catalog and existing SEO planning files,2026-09-09,"Confirm country-level demand, intent, SERP type, and business fit before approval."
S-019,scalable custom software development,Global English,English,Custom Software Development,Commercial,Vendor shortlist,Service page,/solutions/custom-software-solutions,Secondary candidate,,,,Validate in Semrush,Validate manually,High,"Approved custom software case studies, process, IP terms, and project outcomes",Research Required,Softzino service catalog and existing SEO planning files,2026-09-09,"Confirm country-level demand, intent, SERP type, and business fit before approval."
S-020,secure custom software development services,Global English,English,Custom Software Development,Commercial,Vendor shortlist,Service page,/solutions/custom-software-solutions,Secondary candidate,,,,Validate in Semrush,Validate manually,High,"Approved custom software case studies, process, IP terms, and project outcomes",Research Required,Softzino service catalog and existing SEO planning files,2026-09-09,"Confirm country-level demand, intent, SERP type, and business fit before approval."
S-021,MVP development company,Global English,English,Product And MVP Development,Commercial,Vendor shortlist,Service page,/services/mvp-development,Primary candidate,,,,Validate in Semrush,Validate manually,High,"Startup product examples, delivery timeline, scope, and launch outcomes",Research Required,Softzino service catalog and existing SEO planning files,2026-09-09,"Confirm country-level demand, intent, SERP type, and business fit before approval."
S-022,MVP development services,Global English,English,Product And MVP Development,Commercial,Vendor shortlist,Service page,/services/mvp-development,Secondary candidate,,,,Validate in Semrush,Validate manually,High,"Startup product examples, delivery timeline, scope, and launch outcomes",Research Required,Softzino service catalog and existing SEO planning files,2026-09-09,"Confirm country-level demand, intent, SERP type, and business fit before approval."
S-023,startup product development company,Global English,English,Product And MVP Development,Commercial,Vendor shortlist,Service page,/services/mvp-development,Secondary candidate,,,,Validate in Semrush,Validate manually,High,"Startup product examples, delivery timeline, scope, and launch outcomes",Research Required,Softzino service catalog and existing SEO planning files,2026-09-09,"Confirm country-level demand, intent, SERP type, and business fit before approval."
S-024,SaaS product development company,Global English,English,Product And MVP Development,Commercial,Vendor shortlist,Service page,/services/mvp-development,Secondary candidate,,,,Validate in Semrush,Validate manually,High,"Startup product examples, delivery timeline, scope, and launch outcomes",Research Required,Softzino service catalog and existing SEO planning files,2026-09-09,"Confirm country-level demand, intent, SERP type, and business fit before approval."
S-025,software product development company,Global English,English,Product And MVP Development,Commercial,Vendor shortlist,Service page,/services/mvp-development,Secondary candidate,,,,Validate in Semrush,Validate manually,High,"Startup product examples, delivery timeline, scope, and launch outcomes",Research Required,Softzino service catalog and existing SEO planning files,2026-09-09,"Confirm country-level demand, intent, SERP type, and business fit before approval."
S-026,minimum viable product development,Global English,English,Product And MVP Development,Commercial,Vendor shortlist,Service page,/services/mvp-development,Secondary candidate,,,,Validate in Semrush,Validate manually,High,"Startup product examples, delivery timeline, scope, and launch outcomes",Research Required,Softzino service catalog and existing SEO planning files,2026-09-09,"Confirm country-level demand, intent, SERP type, and business fit before approval."
S-027,MVP developers for startups,Global English,English,Product And MVP Development,Commercial,Vendor shortlist,Service page,/services/mvp-development,Secondary candidate,,,,Validate in Semrush,Validate manually,High,"Startup product examples, delivery timeline, scope, and launch outcomes",Research Required,Softzino service catalog and existing SEO planning files,2026-09-09,"Confirm country-level demand, intent, SERP type, and business fit before approval."
S-028,build an MVP development team,Global English,English,Product And MVP Development,Commercial,Vendor shortlist,Service page,/services/mvp-development,Secondary candidate,,,,Validate in Semrush,Validate manually,High,"Startup product examples, delivery timeline, scope, and launch outcomes",Research Required,Softzino service catalog and existing SEO planning files,2026-09-09,"Confirm country-level demand, intent, SERP type, and business fit before approval."
S-029,product engineering services for startups,Global English,English,Product And MVP Development,Commercial,Vendor shortlist,Service page,/services/mvp-development,Secondary candidate,,,,Validate in Semrush,Validate manually,High,"Startup product examples, delivery timeline, scope, and launch outcomes",Research Required,Softzino service catalog and existing SEO planning files,2026-09-09,"Confirm country-level demand, intent, SERP type, and business fit before approval."
S-030,web application development company,Global English,English,Web Application Development,Commercial,Vendor shortlist,Service page,/services/web-application-development,Primary candidate,,,,Validate in Semrush,Validate manually,High,"Web application case studies, architecture, security, and performance evidence",Research Required,Softzino service catalog and existing SEO planning files,2026-09-09,"Confirm country-level demand, intent, SERP type, and business fit before approval."
S-031,web application development services,Global English,English,Web Application Development,Commercial,Vendor shortlist,Service page,/services/web-application-development,Secondary candidate,,,,Validate in Semrush,Validate manually,High,"Web application case studies, architecture, security, and performance evidence",Research Required,Softzino service catalog and existing SEO planning files,2026-09-09,"Confirm country-level demand, intent, SERP type, and business fit before approval."
S-032,custom web application development company,Global English,English,Web Application Development,Commercial,Vendor shortlist,Service page,/services/web-application-development,Secondary candidate,,,,Validate in Semrush,Validate manually,High,"Web application case studies, architecture, security, and performance evidence",Research Required,Softzino service catalog and existing SEO planning files,2026-09-09,"Confirm country-level demand, intent, SERP type, and business fit before approval."
S-033,enterprise web application development,Global English,English,Web Application Development,Commercial,Vendor shortlist,Service page,/services/web-application-development,Secondary candidate,,,,Validate in Semrush,Validate manually,High,"Web application case studies, architecture, security, and performance evidence",Research Required,Softzino service catalog and existing SEO planning files,2026-09-09,"Confirm country-level demand, intent, SERP type, and business fit before approval."
S-034,SaaS web application development,Global English,English,Web Application Development,Commercial,Vendor shortlist,Service page,/services/web-application-development,Secondary candidate,,,,Validate in Semrush,Validate manually,High,"Web application case studies, architecture, security, and performance evidence",Research Required,Softzino service catalog and existing SEO planning files,2026-09-09,"Confirm country-level demand, intent, SERP type, and business fit before approval."
S-035,React web application development company,Global English,English,Web Application Development,Commercial,Vendor shortlist,Service page,/services/web-application-development,Secondary candidate,,,,Validate in Semrush,Validate manually,High,"Web application case studies, architecture, security, and performance evidence",Research Required,Softzino service catalog and existing SEO planning files,2026-09-09,"Confirm country-level demand, intent, SERP type, and business fit before approval."
S-036,Next.js development company,Global English,English,Web Application Development,Commercial,Vendor shortlist,Service page,/services/web-application-development,Secondary candidate,,,,Validate in Semrush,Validate manually,High,"Web application case studies, architecture, security, and performance evidence",Research Required,Softzino service catalog and existing SEO planning files,2026-09-09,"Confirm country-level demand, intent, SERP type, and business fit before approval."
S-037,secure web application development services,Global English,English,Web Application Development,Commercial,Vendor shortlist,Service page,/services/web-application-development,Secondary candidate,,,,Validate in Semrush,Validate manually,High,"Web application case studies, architecture, security, and performance evidence",Research Required,Softzino service catalog and existing SEO planning files,2026-09-09,"Confirm country-level demand, intent, SERP type, and business fit before approval."
S-038,web portal development company,Global English,English,Web Application Development,Commercial,Vendor shortlist,Service page,/services/web-application-development,Secondary candidate,,,,Validate in Semrush,Validate manually,High,"Web application case studies, architecture, security, and performance evidence",Research Required,Softzino service catalog and existing SEO planning files,2026-09-09,"Confirm country-level demand, intent, SERP type, and business fit before approval."
S-039,mobile app development company,Global English,English,Mobile App Development,Commercial,Vendor shortlist,Service page,/services/mobile-app-development,Primary candidate,,,,Validate in Semrush,Validate manually,High,"Published apps, screenshots, platform expertise, and measurable outcomes",Research Required,Softzino service catalog and existing SEO planning files,2026-09-09,"Confirm country-level demand, intent, SERP type, and business fit before approval."
S-040,mobile app development services,Global English,English,Mobile App Development,Commercial,Vendor shortlist,Service page,/services/mobile-app-development,Secondary candidate,,,,Validate in Semrush,Validate manually,High,"Published apps, screenshots, platform expertise, and measurable outcomes",Research Required,Softzino service catalog and existing SEO planning files,2026-09-09,"Confirm country-level demand, intent, SERP type, and business fit before approval."
S-041,custom mobile app development company,Global English,English,Mobile App Development,Commercial,Vendor shortlist,Service page,/services/mobile-app-development,Secondary candidate,,,,Validate in Semrush,Validate manually,High,"Published apps, screenshots, platform expertise, and measurable outcomes",Research Required,Softzino service catalog and existing SEO planning files,2026-09-09,"Confirm country-level demand, intent, SERP type, and business fit before approval."
S-042,iOS app development company,Global English,English,Mobile App Development,Commercial,Vendor shortlist,Service page,/services/mobile-app-development,Secondary candidate,,,,Validate in Semrush,Validate manually,High,"Published apps, screenshots, platform expertise, and measurable outcomes",Research Required,Softzino service catalog and existing SEO planning files,2026-09-09,"Confirm country-level demand, intent, SERP type, and business fit before approval."
S-043,Android app development company,Global English,English,Mobile App Development,Commercial,Vendor shortlist,Service page,/services/mobile-app-development,Secondary candidate,,,,Validate in Semrush,Validate manually,High,"Published apps, screenshots, platform expertise, and measurable outcomes",Research Required,Softzino service catalog and existing SEO planning files,2026-09-09,"Confirm country-level demand, intent, SERP type, and business fit before approval."
S-044,Flutter app development company,Global English,English,Mobile App Development,Commercial,Vendor shortlist,Service page,/services/mobile-app-development,Secondary candidate,,,,Validate in Semrush,Validate manually,High,"Published apps, screenshots, platform expertise, and measurable outcomes",Research Required,Softzino service catalog and existing SEO planning files,2026-09-09,"Confirm country-level demand, intent, SERP type, and business fit before approval."
S-045,React Native app development company,Global English,English,Mobile App Development,Commercial,Vendor shortlist,Service page,/services/mobile-app-development,Secondary candidate,,,,Validate in Semrush,Validate manually,High,"Published apps, screenshots, platform expertise, and measurable outcomes",Research Required,Softzino service catalog and existing SEO planning files,2026-09-09,"Confirm country-level demand, intent, SERP type, and business fit before approval."
S-046,enterprise mobile app development,Global English,English,Mobile App Development,Commercial,Vendor shortlist,Service page,/services/mobile-app-development,Secondary candidate,,,,Validate in Semrush,Validate manually,High,"Published apps, screenshots, platform expertise, and measurable outcomes",Research Required,Softzino service catalog and existing SEO planning files,2026-09-09,"Confirm country-level demand, intent, SERP type, and business fit before approval."
S-047,cross-platform app development company,Global English,English,Mobile App Development,Commercial,Vendor shortlist,Service page,/services/mobile-app-development,Secondary candidate,,,,Validate in Semrush,Validate manually,High,"Published apps, screenshots, platform expertise, and measurable outcomes",Research Required,Softzino service catalog and existing SEO planning files,2026-09-09,"Confirm country-level demand, intent, SERP type, and business fit before approval."
S-048,API development company,Global English,English,API And System Integration,Commercial,Vendor shortlist,Service page,/services/api-development,Primary candidate,,,,Validate in Semrush,Validate manually,High,"API and integration diagrams, security approach, platforms, and project examples",Research Required,Softzino service catalog and existing SEO planning files,2026-09-09,"Confirm country-level demand, intent, SERP type, and business fit before approval."
S-049,API development services,Global English,English,API And System Integration,Commercial,Vendor shortlist,Service page,/services/api-development,Secondary candidate,,,,Validate in Semrush,Validate manually,High,"API and integration diagrams, security approach, platforms, and project examples",Research Required,Softzino service catalog and existing SEO planning files,2026-09-09,"Confirm country-level demand, intent, SERP type, and business fit before approval."
S-050,custom API development services,Global English,English,API And System Integration,Commercial,Vendor shortlist,Service page,/services/api-development,Secondary candidate,,,,Validate in Semrush,Validate manually,High,"API and integration diagrams, security approach, platforms, and project examples",Research Required,Softzino service catalog and existing SEO planning files,2026-09-09,"Confirm country-level demand, intent, SERP type, and business fit before approval."
S-051,REST API development company,Global English,English,API And System Integration,Commercial,Vendor shortlist,Service page,/services/api-development,Secondary candidate,,,,Validate in Semrush,Validate manually,High,"API and integration diagrams, security approach, platforms, and project examples",Research Required,Softzino service catalog and existing SEO planning files,2026-09-09,"Confirm country-level demand, intent, SERP type, and business fit before approval."
S-052,backend development services,Global English,English,API And System Integration,Commercial,Vendor shortlist,Service page,/services/api-development,Secondary candidate,,,,Validate in Semrush,Validate manually,High,"API and integration diagrams, security approach, platforms, and project examples",Research Required,Softzino service catalog and existing SEO planning files,2026-09-09,"Confirm country-level demand, intent, SERP type, and business fit before approval."
S-053,web service development company,Global English,English,API And System Integration,Commercial,Vendor shortlist,Service page,/services/api-development,Secondary candidate,,,,Validate in Semrush,Validate manually,High,"API and integration diagrams, security approach, platforms, and project examples",Research Required,Softzino service catalog and existing SEO planning files,2026-09-09,"Confirm country-level demand, intent, SERP type, and business fit before approval."
S-054,system integration company,Global English,English,API And System Integration,Commercial,Vendor shortlist,Service page,/services/system-integration,Primary candidate,,,,Validate in Semrush,Validate manually,High,"API and integration diagrams, security approach, platforms, and project examples",Research Required,Softzino service catalog and existing SEO planning files,2026-09-09,"Confirm country-level demand, intent, SERP type, and business fit before approval."
S-055,system integration services,Global English,English,API And System Integration,Commercial,Vendor shortlist,Service page,/services/system-integration,Secondary candidate,,,,Validate in Semrush,Validate manually,High,"API and integration diagrams, security approach, platforms, and project examples",Research Required,Softzino service catalog and existing SEO planning files,2026-09-09,"Confirm country-level demand, intent, SERP type, and business fit before approval."
S-056,enterprise application integration services,Global English,English,API And System Integration,Commercial,Vendor shortlist,Service page,/services/system-integration,Secondary candidate,,,,Validate in Semrush,Validate manually,High,"API and integration diagrams, security approach, platforms, and project examples",Research Required,Softzino service catalog and existing SEO planning files,2026-09-09,"Confirm country-level demand, intent, SERP type, and business fit before approval."
S-057,ERP integration services,Global English,English,API And System Integration,Commercial,Vendor shortlist,Service page,/services/system-integration,Secondary candidate,,,,Validate in Semrush,Validate manually,High,"API and integration diagrams, security approach, platforms, and project examples",Research Required,Softzino service catalog and existing SEO planning files,2026-09-09,"Confirm country-level demand, intent, SERP type, and business fit before approval."
S-058,hire developers,Global English,English,Hire Developers,Commercial,Vendor shortlist,Service page,/hire-developers,Primary candidate,,,,Validate in Semrush,Validate manually,High,"Vetting process, sample profiles, availability, time-zone coverage, IP, and rates",Research Required,Softzino service catalog and existing SEO planning files,2026-09-09,"Confirm country-level demand, intent, SERP type, and business fit before approval."
S-059,hire dedicated developers,Global English,English,Hire Developers,Commercial,Vendor shortlist,Service page,/hire-developers,Secondary candidate,,,,Validate in Semrush,Validate manually,High,"Vetting process, sample profiles, availability, time-zone coverage, IP, and rates",Research Required,Softzino service catalog and existing SEO planning files,2026-09-09,"Confirm country-level demand, intent, SERP type, and business fit before approval."
S-060,hire software developers,Global English,English,Hire Developers,Commercial,Vendor shortlist,Service page,/hire-developers,Secondary candidate,,,,Validate in Semrush,Validate manually,High,"Vetting process, sample profiles, availability, time-zone coverage, IP, and rates",Research Required,Softzino service catalog and existing SEO planning files,2026-09-09,"Confirm country-level demand, intent, SERP type, and business fit before approval."
S-061,hire remote developers,Global English,English,Hire Developers,Commercial,Vendor shortlist,Service page,/hire-developers,Secondary candidate,,,,Validate in Semrush,Validate manually,High,"Vetting process, sample profiles, availability, time-zone coverage, IP, and rates",Research Required,Softzino service catalog and existing SEO planning files,2026-09-09,"Confirm country-level demand, intent, SERP type, and business fit before approval."
S-062,hire full stack developers,Global English,English,Hire Developers,Commercial,Vendor shortlist,Service page,/hire-developers,Secondary candidate,,,,Validate in Semrush,Validate manually,High,"Vetting process, sample profiles, availability, time-zone coverage, IP, and rates",Research Required,Softzino service catalog and existing SEO planning files,2026-09-09,"Confirm country-level demand, intent, SERP type, and business fit before approval."
S-063,hire React developers,Global English,English,Hire Developers,Commercial,Vendor shortlist,Service page,/hire-developers,Secondary candidate,,,,Validate in Semrush,Validate manually,High,"Vetting process, sample profiles, availability, time-zone coverage, IP, and rates",Research Required,Softzino service catalog and existing SEO planning files,2026-09-09,"Confirm country-level demand, intent, SERP type, and business fit before approval."
S-064,hire Next.js developers,Global English,English,Hire Developers,Commercial,Vendor shortlist,Service page,/hire-developers,Secondary candidate,,,,Validate in Semrush,Validate manually,High,"Vetting process, sample profiles, availability, time-zone coverage, IP, and rates",Research Required,Softzino service catalog and existing SEO planning files,2026-09-09,"Confirm country-level demand, intent, SERP type, and business fit before approval."
S-065,hire Node.js developers,Global English,English,Hire Developers,Commercial,Vendor shortlist,Service page,/hire-developers,Secondary candidate,,,,Validate in Semrush,Validate manually,High,"Vetting process, sample profiles, availability, time-zone coverage, IP, and rates",Research Required,Softzino service catalog and existing SEO planning files,2026-09-09,"Confirm country-level demand, intent, SERP type, and business fit before approval."
S-066,hire Python developers,Global English,English,Hire Developers,Commercial,Vendor shortlist,Service page,/hire-developers,Secondary candidate,,,,Validate in Semrush,Validate manually,High,"Vetting process, sample profiles, availability, time-zone coverage, IP, and rates",Research Required,Softzino service catalog and existing SEO planning files,2026-09-09,"Confirm country-level demand, intent, SERP type, and business fit before approval."
S-067,hire Laravel developers,Global English,English,Hire Developers,Commercial,Vendor shortlist,Service page,/hire-developers,Secondary candidate,,,,Validate in Semrush,Validate manually,High,"Vetting process, sample profiles, availability, time-zone coverage, IP, and rates",Research Required,Softzino service catalog and existing SEO planning files,2026-09-09,"Confirm country-level demand, intent, SERP type, and business fit before approval."
S-068,hire mobile app developers,Global English,English,Hire Developers,Commercial,Vendor shortlist,Service page,/hire-developers,Secondary candidate,,,,Validate in Semrush,Validate manually,High,"Vetting process, sample profiles, availability, time-zone coverage, IP, and rates",Research Required,Softzino service catalog and existing SEO planning files,2026-09-09,"Confirm country-level demand, intent, SERP type, and business fit before approval."
S-069,hire Flutter developers,Global English,English,Hire Developers,Commercial,Vendor shortlist,Service page,/hire-developers,Secondary candidate,,,,Validate in Semrush,Validate manually,High,"Vetting process, sample profiles, availability, time-zone coverage, IP, and rates",Research Required,Softzino service catalog and existing SEO planning files,2026-09-09,"Confirm country-level demand, intent, SERP type, and business fit before approval."
S-070,hire DevOps engineers,Global English,English,Hire Developers,Commercial,Vendor shortlist,Service page,/hire-developers,Secondary candidate,,,,Validate in Semrush,Validate manually,High,"Vetting process, sample profiles, availability, time-zone coverage, IP, and rates",Research Required,Softzino service catalog and existing SEO planning files,2026-09-09,"Confirm country-level demand, intent, SERP type, and business fit before approval."
S-071,hire QA engineers,Global English,English,Hire Developers,Commercial,Vendor shortlist,Service page,/hire-developers,Secondary candidate,,,,Validate in Semrush,Validate manually,High,"Vetting process, sample profiles, availability, time-zone coverage, IP, and rates",Research Required,Softzino service catalog and existing SEO planning files,2026-09-09,"Confirm country-level demand, intent, SERP type, and business fit before approval."
S-072,hire AI developers,Global English,English,Hire Developers,Commercial,Vendor shortlist,Service page,/hire-developers,Secondary candidate,,,,Validate in Semrush,Validate manually,High,"Vetting process, sample profiles, availability, time-zone coverage, IP, and rates",Research Required,Softzino service catalog and existing SEO planning files,2026-09-09,"Confirm country-level demand, intent, SERP type, and business fit before approval."
S-073,IT staff augmentation services,Global English,English,Engineering Team Models,Commercial,Vendor shortlist,Service page,/services/staff-augmentation,Primary candidate,,,,Validate in Semrush,Validate manually,High,"Clear model definitions, management ownership, SLAs, pricing model, and case proof",Research Required,Softzino service catalog and existing SEO planning files,2026-09-09,"Confirm country-level demand, intent, SERP type, and business fit before approval."
S-074,software development staff augmentation,Global English,English,Engineering Team Models,Commercial,Vendor shortlist,Service page,/services/staff-augmentation,Secondary candidate,,,,Validate in Semrush,Validate manually,High,"Clear model definitions, management ownership, SLAs, pricing model, and case proof",Research Required,Softzino service catalog and existing SEO planning files,2026-09-09,"Confirm country-level demand, intent, SERP type, and business fit before approval."
S-075,technical staff augmentation services,Global English,English,Engineering Team Models,Commercial,Vendor shortlist,Service page,/services/staff-augmentation,Secondary candidate,,,,Validate in Semrush,Validate manually,High,"Clear model definitions, management ownership, SLAs, pricing model, and case proof",Research Required,Softzino service catalog and existing SEO planning files,2026-09-09,"Confirm country-level demand, intent, SERP type, and business fit before approval."
S-076,engineering staff augmentation company,Global English,English,Engineering Team Models,Commercial,Vendor shortlist,Service page,/services/staff-augmentation,Secondary candidate,,,,Validate in Semrush,Validate manually,High,"Clear model definitions, management ownership, SLAs, pricing model, and case proof",Research Required,Softzino service catalog and existing SEO planning files,2026-09-09,"Confirm country-level demand, intent, SERP type, and business fit before approval."
S-077,dedicated development team,Global English,English,Engineering Team Models,Commercial,Vendor shortlist,Service page,/services/dedicated-development-team,Primary candidate,,,,Validate in Semrush,Validate manually,High,"Clear model definitions, management ownership, SLAs, pricing model, and case proof",Research Required,Softzino service catalog and existing SEO planning files,2026-09-09,"Confirm country-level demand, intent, SERP type, and business fit before approval."
S-078,dedicated software development team,Global English,English,Engineering Team Models,Commercial,Vendor shortlist,Service page,/services/dedicated-development-team,Secondary candidate,,,,Validate in Semrush,Validate manually,High,"Clear model definitions, management ownership, SLAs, pricing model, and case proof",Research Required,Softzino service catalog and existing SEO planning files,2026-09-09,"Confirm country-level demand, intent, SERP type, and business fit before approval."
S-079,hire a dedicated development team,Global English,English,Engineering Team Models,Commercial,Vendor shortlist,Service page,/services/dedicated-development-team,Secondary candidate,,,,Validate in Semrush,Validate manually,High,"Clear model definitions, management ownership, SLAs, pricing model, and case proof",Research Required,Softzino service catalog and existing SEO planning files,2026-09-09,"Confirm country-level demand, intent, SERP type, and business fit before approval."
S-080,managed software development team,Global English,English,Engineering Team Models,Commercial,Vendor shortlist,Service page,/services/managed-engineering-team,Primary candidate,,,,Validate in Semrush,Validate manually,High,"Clear model definitions, management ownership, SLAs, pricing model, and case proof",Research Required,Softzino service catalog and existing SEO planning files,2026-09-09,"Confirm country-level demand, intent, SERP type, and business fit before approval."
S-081,managed engineering services,Global English,English,Engineering Team Models,Commercial,Vendor shortlist,Service page,/services/managed-engineering-team,Secondary candidate,,,,Validate in Semrush,Validate manually,High,"Clear model definitions, management ownership, SLAs, pricing model, and case proof",Research Required,Softzino service catalog and existing SEO planning files,2026-09-09,"Confirm country-level demand, intent, SERP type, and business fit before approval."
S-082,software development team extension,Global English,English,Engineering Team Models,Commercial,Vendor shortlist,Service page,/services/team-extension,Primary candidate,,,,Validate in Semrush,Validate manually,High,"Clear model definitions, management ownership, SLAs, pricing model, and case proof",Research Required,Softzino service catalog and existing SEO planning files,2026-09-09,"Confirm country-level demand, intent, SERP type, and business fit before approval."
S-083,IT staffing services,Global English,English,Engineering Team Models,Commercial,Vendor shortlist,Service page,/services/it-staffing,Primary candidate,,,,Validate in Semrush,Validate manually,High,"Clear model definitions, management ownership, SLAs, pricing model, and case proof",Research Required,Softzino service catalog and existing SEO planning files,2026-09-09,"Confirm country-level demand, intent, SERP type, and business fit before approval."
S-084,technology staffing company,Global English,English,Engineering Team Models,Commercial,Vendor shortlist,Service page,/services/it-staffing,Secondary candidate,,,,Validate in Semrush,Validate manually,High,"Clear model definitions, management ownership, SLAs, pricing model, and case proof",Research Required,Softzino service catalog and existing SEO planning files,2026-09-09,"Confirm country-level demand, intent, SERP type, and business fit before approval."
S-085,AI development company,Global English,English,Artificial Intelligence,Commercial,Vendor shortlist,Service page,/services/artificial-intelligence,Primary candidate,,,,Validate in Semrush,Validate manually,High,"Approved AI use cases, model stack, security, data privacy, and outcomes",Research Required,Softzino service catalog and existing SEO planning files,2026-09-09,"Confirm country-level demand, intent, SERP type, and business fit before approval."
S-086,AI development services,Global English,English,Artificial Intelligence,Commercial,Vendor shortlist,Service page,/services/artificial-intelligence,Secondary candidate,,,,Validate in Semrush,Validate manually,High,"Approved AI use cases, model stack, security, data privacy, and outcomes",Research Required,Softzino service catalog and existing SEO planning files,2026-09-09,"Confirm country-level demand, intent, SERP type, and business fit before approval."
S-087,generative AI development company,Global English,English,Artificial Intelligence,Commercial,Vendor shortlist,Service page,/services/artificial-intelligence,Secondary candidate,,,,Validate in Semrush,Validate manually,High,"Approved AI use cases, model stack, security, data privacy, and outcomes",Research Required,Softzino service catalog and existing SEO planning files,2026-09-09,"Confirm country-level demand, intent, SERP type, and business fit before approval."
S-088,LLM development company,Global English,English,Artificial Intelligence,Commercial,Vendor shortlist,Service page,/services/artificial-intelligence,Secondary candidate,,,,Validate in Semrush,Validate manually,High,"Approved AI use cases, model stack, security, data privacy, and outcomes",Research Required,Softzino service catalog and existing SEO planning files,2026-09-09,"Confirm country-level demand, intent, SERP type, and business fit before approval."
S-089,enterprise AI development services,Global English,English,Artificial Intelligence,Commercial,Vendor shortlist,Service page,/services/artificial-intelligence,Secondary candidate,,,,Validate in Semrush,Validate manually,High,"Approved AI use cases, model stack, security, data privacy, and outcomes",Research Required,Softzino service catalog and existing SEO planning files,2026-09-09,"Confirm country-level demand, intent, SERP type, and business fit before approval."
S-090,AI application development company,Global English,English,Artificial Intelligence,Commercial,Vendor shortlist,Service page,/services/artificial-intelligence,Secondary candidate,,,,Validate in Semrush,Validate manually,High,"Approved AI use cases, model stack, security, data privacy, and outcomes",Research Required,Softzino service catalog and existing SEO planning files,2026-09-09,"Confirm country-level demand, intent, SERP type, and business fit before approval."
S-091,AI chatbot development company,Global English,English,Artificial Intelligence,Commercial,Vendor shortlist,Service page,/services/artificial-intelligence,Secondary candidate,,,,Validate in Semrush,Validate manually,High,"Approved AI use cases, model stack, security, data privacy, and outcomes",Research Required,Softzino service catalog and existing SEO planning files,2026-09-09,"Confirm country-level demand, intent, SERP type, and business fit before approval."
S-092,computer vision development company,Global English,English,Artificial Intelligence,Commercial,Vendor shortlist,Service page,/services/artificial-intelligence,Secondary candidate,,,,Validate in Semrush,Validate manually,High,"Approved AI use cases, model stack, security, data privacy, and outcomes",Research Required,Softzino service catalog and existing SEO planning files,2026-09-09,"Confirm country-level demand, intent, SERP type, and business fit before approval."
S-093,machine learning development services,Global English,English,Artificial Intelligence,Commercial,Vendor shortlist,Service page,/services/artificial-intelligence,Secondary candidate,,,,Validate in Semrush,Validate manually,High,"Approved AI use cases, model stack, security, data privacy, and outcomes",Research Required,Softzino service catalog and existing SEO planning files,2026-09-09,"Confirm country-level demand, intent, SERP type, and business fit before approval."
S-094,forward deployed AI engineer,Global English,English,Artificial Intelligence,Commercial,Vendor shortlist,Service page,/services/forward-deployed-ai-engineering,Primary candidate,,,,Validate in Semrush,Validate manually,High,"Approved AI use cases, model stack, security, data privacy, and outcomes",Research Required,Softzino service catalog and existing SEO planning files,2026-09-09,"Confirm country-level demand, intent, SERP type, and business fit before approval."
S-095,cloud consulting services,Global English,English,Cloud And DevOps,Commercial,Vendor shortlist,Service page,/services/cloud-consulting,Primary candidate,,,,Validate in Semrush,Validate manually,High,"Cloud case studies, platform expertise, migration outcomes, SLAs, and reliability evidence",Research Required,Softzino service catalog and existing SEO planning files,2026-09-09,"Confirm country-level demand, intent, SERP type, and business fit before approval."
S-096,cloud consulting company,Global English,English,Cloud And DevOps,Commercial,Vendor shortlist,Service page,/services/cloud-consulting,Secondary candidate,,,,Validate in Semrush,Validate manually,High,"Cloud case studies, platform expertise, migration outcomes, SLAs, and reliability evidence",Research Required,Softzino service catalog and existing SEO planning files,2026-09-09,"Confirm country-level demand, intent, SERP type, and business fit before approval."
S-097,AWS cloud consulting services,Global English,English,Cloud And DevOps,Commercial,Vendor shortlist,Service page,/services/cloud-consulting,Secondary candidate,,,,Validate in Semrush,Validate manually,High,"Cloud case studies, platform expertise, migration outcomes, SLAs, and reliability evidence",Research Required,Softzino service catalog and existing SEO planning files,2026-09-09,"Confirm country-level demand, intent, SERP type, and business fit before approval."
S-098,Azure cloud consulting services,Global English,English,Cloud And DevOps,Commercial,Vendor shortlist,Service page,/services/cloud-consulting,Secondary candidate,,,,Validate in Semrush,Validate manually,High,"Cloud case studies, platform expertise, migration outcomes, SLAs, and reliability evidence",Research Required,Softzino service catalog and existing SEO planning files,2026-09-09,"Confirm country-level demand, intent, SERP type, and business fit before approval."
S-099,Google Cloud consulting services,Global English,English,Cloud And DevOps,Commercial,Vendor shortlist,Service page,/services/cloud-consulting,Secondary candidate,,,,Validate in Semrush,Validate manually,High,"Cloud case studies, platform expertise, migration outcomes, SLAs, and reliability evidence",Research Required,Softzino service catalog and existing SEO planning files,2026-09-09,"Confirm country-level demand, intent, SERP type, and business fit before approval."
S-100,cloud migration services,Global English,English,Cloud And DevOps,Commercial,Vendor shortlist,Service page,/services/cloud-migration,Primary candidate,,,,Validate in Semrush,Validate manually,High,"Cloud case studies, platform expertise, migration outcomes, SLAs, and reliability evidence",Research Required,Softzino service catalog and existing SEO planning files,2026-09-09,"Confirm country-level demand, intent, SERP type, and business fit before approval."
S-101,cloud migration company,Global English,English,Cloud And DevOps,Commercial,Vendor shortlist,Service page,/services/cloud-migration,Secondary candidate,,,,Validate in Semrush,Validate manually,High,"Cloud case studies, platform expertise, migration outcomes, SLAs, and reliability evidence",Research Required,Softzino service catalog and existing SEO planning files,2026-09-09,"Confirm country-level demand, intent, SERP type, and business fit before approval."
S-102,application migration to cloud,Global English,English,Cloud And DevOps,Commercial,Vendor shortlist,Service page,/services/cloud-migration,Secondary candidate,,,,Validate in Semrush,Validate manually,High,"Cloud case studies, platform expertise, migration outcomes, SLAs, and reliability evidence",Research Required,Softzino service catalog and existing SEO planning files,2026-09-09,"Confirm country-level demand, intent, SERP type, and business fit before approval."
S-103,cloud managed services,Global English,English,Cloud And DevOps,Commercial,Vendor shortlist,Service page,/services/cloud-managed-services,Primary candidate,,,,Validate in Semrush,Validate manually,High,"Cloud case studies, platform expertise, migration outcomes, SLAs, and reliability evidence",Research Required,Softzino service catalog and existing SEO planning files,2026-09-09,"Confirm country-level demand, intent, SERP type, and business fit before approval."
S-104,DevOps consulting services,Global English,English,Cloud And DevOps,Commercial,Vendor shortlist,Service page,/services/devops,Primary candidate,,,,Validate in Semrush,Validate manually,High,"Cloud case studies, platform expertise, migration outcomes, SLAs, and reliability evidence",Research Required,Softzino service catalog and existing SEO planning files,2026-09-09,"Confirm country-level demand, intent, SERP type, and business fit before approval."
S-105,DevOps consulting company,Global English,English,Cloud And DevOps,Commercial,Vendor shortlist,Service page,/services/devops,Secondary candidate,,,,Validate in Semrush,Validate manually,High,"Cloud case studies, platform expertise, migration outcomes, SLAs, and reliability evidence",Research Required,Softzino service catalog and existing SEO planning files,2026-09-09,"Confirm country-level demand, intent, SERP type, and business fit before approval."
S-106,CI/CD consulting services,Global English,English,Cloud And DevOps,Commercial,Vendor shortlist,Service page,/services/devops,Secondary candidate,,,,Validate in Semrush,Validate manually,High,"Cloud case studies, platform expertise, migration outcomes, SLAs, and reliability evidence",Research Required,Softzino service catalog and existing SEO planning files,2026-09-09,"Confirm country-level demand, intent, SERP type, and business fit before approval."
S-107,Kubernetes consulting services,Global English,English,Cloud And DevOps,Commercial,Vendor shortlist,Service page,/services/devops,Secondary candidate,,,,Validate in Semrush,Validate manually,High,"Cloud case studies, platform expertise, migration outcomes, SLAs, and reliability evidence",Research Required,Softzino service catalog and existing SEO planning files,2026-09-09,"Confirm country-level demand, intent, SERP type, and business fit before approval."
S-108,data engineering services,Global English,English,Data Engineering And BI,Commercial,Vendor shortlist,Service page,/services/data-platform-engineering,Primary candidate,,,,Validate in Semrush,Validate manually,High,"Data architecture, governance, migration, dashboards, platforms, and outcomes",Research Required,Softzino service catalog and existing SEO planning files,2026-09-09,"Confirm country-level demand, intent, SERP type, and business fit before approval."
S-109,data engineering consulting company,Global English,English,Data Engineering And BI,Commercial,Vendor shortlist,Service page,/services/data-platform-engineering,Secondary candidate,,,,Validate in Semrush,Validate manually,High,"Data architecture, governance, migration, dashboards, platforms, and outcomes",Research Required,Softzino service catalog and existing SEO planning files,2026-09-09,"Confirm country-level demand, intent, SERP type, and business fit before approval."
S-110,data platform engineering services,Global English,English,Data Engineering And BI,Commercial,Vendor shortlist,Service page,/services/data-platform-engineering,Secondary candidate,,,,Validate in Semrush,Validate manually,High,"Data architecture, governance, migration, dashboards, platforms, and outcomes",Research Required,Softzino service catalog and existing SEO planning files,2026-09-09,"Confirm country-level demand, intent, SERP type, and business fit before approval."
S-111,modern data platform consulting,Global English,English,Data Engineering And BI,Commercial,Vendor shortlist,Service page,/services/data-platform-engineering,Secondary candidate,,,,Validate in Semrush,Validate manually,High,"Data architecture, governance, migration, dashboards, platforms, and outcomes",Research Required,Softzino service catalog and existing SEO planning files,2026-09-09,"Confirm country-level demand, intent, SERP type, and business fit before approval."
S-112,data pipeline development services,Global English,English,Data Engineering And BI,Commercial,Vendor shortlist,Service page,/services/data-platform-engineering,Secondary candidate,,,,Validate in Semrush,Validate manually,High,"Data architecture, governance, migration, dashboards, platforms, and outcomes",Research Required,Softzino service catalog and existing SEO planning files,2026-09-09,"Confirm country-level demand, intent, SERP type, and business fit before approval."
S-113,data migration services,Global English,English,Data Engineering And BI,Commercial,Vendor shortlist,Service page,/services/data-migration,Primary candidate,,,,Validate in Semrush,Validate manually,High,"Data architecture, governance, migration, dashboards, platforms, and outcomes",Research Required,Softzino service catalog and existing SEO planning files,2026-09-09,"Confirm country-level demand, intent, SERP type, and business fit before approval."
S-114,data governance consulting,Global English,English,Data Engineering And BI,Commercial,Vendor shortlist,Service page,/services/data-strategy-and-governance,Primary candidate,,,,Validate in Semrush,Validate manually,High,"Data architecture, governance, migration, dashboards, platforms, and outcomes",Research Required,Softzino service catalog and existing SEO planning files,2026-09-09,"Confirm country-level demand, intent, SERP type, and business fit before approval."
S-115,data strategy consulting services,Global English,English,Data Engineering And BI,Commercial,Vendor shortlist,Service page,/services/data-strategy-and-governance,Secondary candidate,,,,Validate in Semrush,Validate manually,High,"Data architecture, governance, migration, dashboards, platforms, and outcomes",Research Required,Softzino service catalog and existing SEO planning files,2026-09-09,"Confirm country-level demand, intent, SERP type, and business fit before approval."
S-116,business intelligence consulting services,Global English,English,Data Engineering And BI,Commercial,Vendor shortlist,Service page,/services/reporting-and-business-intelligence,Primary candidate,,,,Validate in Semrush,Validate manually,High,"Data architecture, governance, migration, dashboards, platforms, and outcomes",Research Required,Softzino service catalog and existing SEO planning files,2026-09-09,"Confirm country-level demand, intent, SERP type, and business fit before approval."
S-117,Power BI consulting company,Global English,English,Data Engineering And BI,Commercial,Vendor shortlist,Service page,/services/reporting-and-business-intelligence,Secondary candidate,,,,Validate in Semrush,Validate manually,High,"Data architecture, governance, migration, dashboards, platforms, and outcomes",Research Required,Softzino service catalog and existing SEO planning files,2026-09-09,"Confirm country-level demand, intent, SERP type, and business fit before approval."
S-118,QA testing services,Global English,English,Quality Engineering,Commercial,Vendor shortlist,Service page,/services/quality-engineering,Primary candidate,,,,Validate in Semrush,Validate manually,High,"Automation frameworks, coverage, defect metrics, CI/CD process, and case proof",Research Required,Softzino service catalog and existing SEO planning files,2026-09-09,"Confirm country-level demand, intent, SERP type, and business fit before approval."
S-119,software testing company,Global English,English,Quality Engineering,Commercial,Vendor shortlist,Service page,/services/quality-engineering,Secondary candidate,,,,Validate in Semrush,Validate manually,High,"Automation frameworks, coverage, defect metrics, CI/CD process, and case proof",Research Required,Softzino service catalog and existing SEO planning files,2026-09-09,"Confirm country-level demand, intent, SERP type, and business fit before approval."
S-120,quality engineering services,Global English,English,Quality Engineering,Commercial,Vendor shortlist,Service page,/services/quality-engineering,Secondary candidate,,,,Validate in Semrush,Validate manually,High,"Automation frameworks, coverage, defect metrics, CI/CD process, and case proof",Research Required,Softzino service catalog and existing SEO planning files,2026-09-09,"Confirm country-level demand, intent, SERP type, and business fit before approval."
S-121,QA automation services,Global English,English,Quality Engineering,Commercial,Vendor shortlist,Service page,/services/quality-engineering,Secondary candidate,,,,Validate in Semrush,Validate manually,High,"Automation frameworks, coverage, defect metrics, CI/CD process, and case proof",Research Required,Softzino service catalog and existing SEO planning files,2026-09-09,"Confirm country-level demand, intent, SERP type, and business fit before approval."
S-122,software test automation company,Global English,English,Quality Engineering,Commercial,Vendor shortlist,Service page,/services/quality-engineering,Secondary candidate,,,,Validate in Semrush,Validate manually,High,"Automation frameworks, coverage, defect metrics, CI/CD process, and case proof",Research Required,Softzino service catalog and existing SEO planning files,2026-09-09,"Confirm country-level demand, intent, SERP type, and business fit before approval."
S-123,performance testing services,Global English,English,Quality Engineering,Commercial,Vendor shortlist,Service page,/services/quality-engineering,Secondary candidate,,,,Validate in Semrush,Validate manually,High,"Automation frameworks, coverage, defect metrics, CI/CD process, and case proof",Research Required,Softzino service catalog and existing SEO planning files,2026-09-09,"Confirm country-level demand, intent, SERP type, and business fit before approval."
S-124,mobile app testing services,Global English,English,Quality Engineering,Commercial,Vendor shortlist,Service page,/services/quality-engineering,Secondary candidate,,,,Validate in Semrush,Validate manually,High,"Automation frameworks, coverage, defect metrics, CI/CD process, and case proof",Research Required,Softzino service catalog and existing SEO planning files,2026-09-09,"Confirm country-level demand, intent, SERP type, and business fit before approval."
S-125,web application testing services,Global English,English,Quality Engineering,Commercial,Vendor shortlist,Service page,/services/quality-engineering,Secondary candidate,,,,Validate in Semrush,Validate manually,High,"Automation frameworks, coverage, defect metrics, CI/CD process, and case proof",Research Required,Softzino service catalog and existing SEO planning files,2026-09-09,"Confirm country-level demand, intent, SERP type, and business fit before approval."
S-126,UI UX design services,Global English,English,UI UX And Experience Design,Commercial,Vendor shortlist,Service page,/services/ui-ux-design,Primary candidate,,,,Validate in Semrush,Validate manually,Medium,"Portfolio, research process, usability testing, and design-system examples",Research Required,Softzino service catalog and existing SEO planning files,2026-09-09,"Confirm country-level demand, intent, SERP type, and business fit before approval."
S-127,UI UX design agency,Global English,English,UI UX And Experience Design,Commercial,Vendor shortlist,Service page,/services/ui-ux-design,Secondary candidate,,,,Validate in Semrush,Validate manually,Medium,"Portfolio, research process, usability testing, and design-system examples",Research Required,Softzino service catalog and existing SEO planning files,2026-09-09,"Confirm country-level demand, intent, SERP type, and business fit before approval."
S-128,product design company,Global English,English,UI UX And Experience Design,Commercial,Vendor shortlist,Service page,/services/ui-ux-design,Secondary candidate,,,,Validate in Semrush,Validate manually,Medium,"Portfolio, research process, usability testing, and design-system examples",Research Required,Softzino service catalog and existing SEO planning files,2026-09-09,"Confirm country-level demand, intent, SERP type, and business fit before approval."
S-129,UX research services,Global English,English,UI UX And Experience Design,Commercial,Vendor shortlist,Service page,/services/ui-ux-design,Secondary candidate,,,,Validate in Semrush,Validate manually,Medium,"Portfolio, research process, usability testing, and design-system examples",Research Required,Softzino service catalog and existing SEO planning files,2026-09-09,"Confirm country-level demand, intent, SERP type, and business fit before approval."
S-130,design system services,Global English,English,UI UX And Experience Design,Commercial,Vendor shortlist,Service page,/services/ui-ux-design,Secondary candidate,,,,Validate in Semrush,Validate manually,Medium,"Portfolio, research process, usability testing, and design-system examples",Research Required,Softzino service catalog and existing SEO planning files,2026-09-09,"Confirm country-level demand, intent, SERP type, and business fit before approval."
S-131,experience design services,Global English,English,UI UX And Experience Design,Commercial,Vendor shortlist,Service page,/services/experience-design,Primary candidate,,,,Validate in Semrush,Validate manually,Medium,"Portfolio, research process, usability testing, and design-system examples",Research Required,Softzino service catalog and existing SEO planning files,2026-09-09,"Confirm country-level demand, intent, SERP type, and business fit before approval."
S-132,customer experience design company,Global English,English,UI UX And Experience Design,Commercial,Vendor shortlist,Service page,/services/experience-design,Secondary candidate,,,,Validate in Semrush,Validate manually,Medium,"Portfolio, research process, usability testing, and design-system examples",Research Required,Softzino service catalog and existing SEO planning files,2026-09-09,"Confirm country-level demand, intent, SERP type, and business fit before approval."
S-133,application modernization services,Global English,English,Application Modernization,Commercial,Vendor shortlist,Service page,/services/application-modernization,Primary candidate,,,,Validate in Semrush,Validate manually,High,"Modernization assessments, migration examples, risk controls, and measurable outcomes",Research Required,Softzino service catalog and existing SEO planning files,2026-09-09,"Confirm country-level demand, intent, SERP type, and business fit before approval."
S-134,legacy application modernization company,Global English,English,Application Modernization,Commercial,Vendor shortlist,Service page,/services/application-modernization,Secondary candidate,,,,Validate in Semrush,Validate manually,High,"Modernization assessments, migration examples, risk controls, and measurable outcomes",Research Required,Softzino service catalog and existing SEO planning files,2026-09-09,"Confirm country-level demand, intent, SERP type, and business fit before approval."
S-135,legacy software modernization services,Global English,English,Application Modernization,Commercial,Vendor shortlist,Service page,/services/application-modernization,Secondary candidate,,,,Validate in Semrush,Validate manually,High,"Modernization assessments, migration examples, risk controls, and measurable outcomes",Research Required,Softzino service catalog and existing SEO planning files,2026-09-09,"Confirm country-level demand, intent, SERP type, and business fit before approval."
S-136,cloud application modernization services,Global English,English,Application Modernization,Commercial,Vendor shortlist,Service page,/services/application-modernization,Secondary candidate,,,,Validate in Semrush,Validate manually,High,"Modernization assessments, migration examples, risk controls, and measurable outcomes",Research Required,Softzino service catalog and existing SEO planning files,2026-09-09,"Confirm country-level demand, intent, SERP type, and business fit before approval."
S-137,enterprise application modernization,Global English,English,Application Modernization,Commercial,Vendor shortlist,Service page,/services/application-modernization,Secondary candidate,,,,Validate in Semrush,Validate manually,High,"Modernization assessments, migration examples, risk controls, and measurable outcomes",Research Required,Softzino service catalog and existing SEO planning files,2026-09-09,"Confirm country-level demand, intent, SERP type, and business fit before approval."
S-138,application reengineering services,Global English,English,Application Modernization,Commercial,Vendor shortlist,Service page,/services/application-modernization,Secondary candidate,,,,Validate in Semrush,Validate manually,High,"Modernization assessments, migration examples, risk controls, and measurable outcomes",Research Required,Softzino service catalog and existing SEO planning files,2026-09-09,"Confirm country-level demand, intent, SERP type, and business fit before approval."
S-139,IoT development company,Global English,English,IoT Embedded And Semiconductor,Commercial,Vendor shortlist,Service page,/services/iot-wearable-solutions,Primary candidate,,,,Validate in Semrush,Validate manually,Medium,"Hardware and software examples, testing facilities, reliability methods, and client permission",Research Required,Softzino service catalog and existing SEO planning files,2026-09-09,"Confirm country-level demand, intent, SERP type, and business fit before approval."
S-140,IoT application development services,Global English,English,IoT Embedded And Semiconductor,Commercial,Vendor shortlist,Service page,/services/iot-wearable-solutions,Secondary candidate,,,,Validate in Semrush,Validate manually,Medium,"Hardware and software examples, testing facilities, reliability methods, and client permission",Research Required,Softzino service catalog and existing SEO planning files,2026-09-09,"Confirm country-level demand, intent, SERP type, and business fit before approval."
S-141,wearable app development company,Global English,English,IoT Embedded And Semiconductor,Commercial,Vendor shortlist,Service page,/services/iot-wearable-solutions,Secondary candidate,,,,Validate in Semrush,Validate manually,Medium,"Hardware and software examples, testing facilities, reliability methods, and client permission",Research Required,Softzino service catalog and existing SEO planning files,2026-09-09,"Confirm country-level demand, intent, SERP type, and business fit before approval."
S-142,industrial IoT development company,Global English,English,IoT Embedded And Semiconductor,Commercial,Vendor shortlist,Service page,/services/iot-wearable-solutions,Secondary candidate,,,,Validate in Semrush,Validate manually,Medium,"Hardware and software examples, testing facilities, reliability methods, and client permission",Research Required,Softzino service catalog and existing SEO planning files,2026-09-09,"Confirm country-level demand, intent, SERP type, and business fit before approval."
S-143,embedded software development company,Global English,English,IoT Embedded And Semiconductor,Commercial,Vendor shortlist,Service page,/services/embedded-systems,Primary candidate,,,,Validate in Semrush,Validate manually,Medium,"Hardware and software examples, testing facilities, reliability methods, and client permission",Research Required,Softzino service catalog and existing SEO planning files,2026-09-09,"Confirm country-level demand, intent, SERP type, and business fit before approval."
S-144,embedded systems development services,Global English,English,IoT Embedded And Semiconductor,Commercial,Vendor shortlist,Service page,/services/embedded-systems,Secondary candidate,,,,Validate in Semrush,Validate manually,Medium,"Hardware and software examples, testing facilities, reliability methods, and client permission",Research Required,Softzino service catalog and existing SEO planning files,2026-09-09,"Confirm country-level demand, intent, SERP type, and business fit before approval."
S-145,firmware development company,Global English,English,IoT Embedded And Semiconductor,Commercial,Vendor shortlist,Service page,/services/embedded-systems,Secondary candidate,,,,Validate in Semrush,Validate manually,Medium,"Hardware and software examples, testing facilities, reliability methods, and client permission",Research Required,Softzino service catalog and existing SEO planning files,2026-09-09,"Confirm country-level demand, intent, SERP type, and business fit before approval."
S-146,embedded Linux development services,Global English,English,IoT Embedded And Semiconductor,Commercial,Vendor shortlist,Service page,/services/embedded-systems,Secondary candidate,,,,Validate in Semrush,Validate manually,Medium,"Hardware and software examples, testing facilities, reliability methods, and client permission",Research Required,Softzino service catalog and existing SEO planning files,2026-09-09,"Confirm country-level demand, intent, SERP type, and business fit before approval."
S-147,semiconductor testing services,Global English,English,IoT Embedded And Semiconductor,Commercial,Vendor shortlist,Service page,/services/semiconductor-testing,Primary candidate,,,,Validate in Semrush,Validate manually,Medium,"Hardware and software examples, testing facilities, reliability methods, and client permission",Research Required,Softzino service catalog and existing SEO planning files,2026-09-09,"Confirm country-level demand, intent, SERP type, and business fit before approval."
S-148,semiconductor test engineering services,Global English,English,IoT Embedded And Semiconductor,Commercial,Vendor shortlist,Service page,/services/semiconductor-testing,Secondary candidate,,,,Validate in Semrush,Validate manually,Medium,"Hardware and software examples, testing facilities, reliability methods, and client permission",Research Required,Softzino service catalog and existing SEO planning files,2026-09-09,"Confirm country-level demand, intent, SERP type, and business fit before approval."
S-149,chip validation services,Global English,English,IoT Embedded And Semiconductor,Commercial,Vendor shortlist,Service page,/services/semiconductor-testing,Secondary candidate,,,,Validate in Semrush,Validate manually,Medium,"Hardware and software examples, testing facilities, reliability methods, and client permission",Research Required,Softzino service catalog and existing SEO planning files,2026-09-09,"Confirm country-level demand, intent, SERP type, and business fit before approval."
S-150,physical AI development,Global English,English,IoT Embedded And Semiconductor,Commercial,Vendor shortlist,Service page,/services/physical-ai,Primary candidate,,,,Validate in Semrush,Validate manually,Medium,"Hardware and software examples, testing facilities, reliability methods, and client permission",Research Required,Softzino service catalog and existing SEO planning files,2026-09-09,"Confirm country-level demand, intent, SERP type, and business fit before approval."
S-151,marketing automation services,Global English,English,Specialist Services,Commercial,Vendor shortlist,Service page,/services/marketing-automation,Primary candidate,,,,Validate in Semrush,Validate manually,Medium,"Clear service definition, platform examples, audience, and delivery evidence",Research Required,Softzino service catalog and existing SEO planning files,2026-09-09,"Confirm country-level demand, intent, SERP type, and business fit before approval."
S-152,marketing automation consulting company,Global English,English,Specialist Services,Commercial,Vendor shortlist,Service page,/services/marketing-automation,Secondary candidate,,,,Validate in Semrush,Validate manually,Medium,"Clear service definition, platform examples, audience, and delivery evidence",Research Required,Softzino service catalog and existing SEO planning files,2026-09-09,"Confirm country-level demand, intent, SERP type, and business fit before approval."
S-153,HubSpot automation services,Global English,English,Specialist Services,Commercial,Vendor shortlist,Service page,/services/marketing-automation,Secondary candidate,,,,Validate in Semrush,Validate manually,Medium,"Clear service definition, platform examples, audience, and delivery evidence",Research Required,Softzino service catalog and existing SEO planning files,2026-09-09,"Confirm country-level demand, intent, SERP type, and business fit before approval."
S-154,plugin development services,Global English,English,Specialist Services,Commercial,Vendor shortlist,Service page,/services/plugin-development,Primary candidate,,,,Validate in Semrush,Validate manually,Medium,"Clear service definition, platform examples, audience, and delivery evidence",Research Required,Softzino service catalog and existing SEO planning files,2026-09-09,"Confirm country-level demand, intent, SERP type, and business fit before approval."
S-155,custom WordPress plugin development,Global English,English,Specialist Services,Commercial,Vendor shortlist,Service page,/services/plugin-development,Secondary candidate,,,,Validate in Semrush,Validate manually,Medium,"Clear service definition, platform examples, audience, and delivery evidence",Research Required,Softzino service catalog and existing SEO planning files,2026-09-09,"Confirm country-level demand, intent, SERP type, and business fit before approval."
S-156,product management consulting,Global English,English,Specialist Services,Commercial,Vendor shortlist,Service page,/services/product-management,Primary candidate,,,,Validate in Semrush,Validate manually,Medium,"Clear service definition, platform examples, audience, and delivery evidence",Research Required,Softzino service catalog and existing SEO planning files,2026-09-09,"Confirm country-level demand, intent, SERP type, and business fit before approval."
S-157,software product management services,Global English,English,Specialist Services,Commercial,Vendor shortlist,Service page,/services/product-management,Secondary candidate,,,,Validate in Semrush,Validate manually,Medium,"Clear service definition, platform examples, audience, and delivery evidence",Research Required,Softzino service catalog and existing SEO planning files,2026-09-09,"Confirm country-level demand, intent, SERP type, and business fit before approval."
S-158,software engineering training,Global English,English,Specialist Services,Commercial,Vendor shortlist,Service page,/services/skill-development,Primary candidate,,,,Validate in Semrush,Validate manually,Low,"Clear service definition, platform examples, audience, and delivery evidence",Research Required,Softzino service catalog and existing SEO planning files,2026-09-09,"Confirm country-level demand, intent, SERP type, and business fit before approval."
S-159,healthcare software development company,Global English,English,Industry Software Development,Commercial,Vendor shortlist,Industry landing page,Proposed industry page after proof validation,Secondary candidate,,,,Validate in Semrush,Validate manually,High,At least one approved industry-relevant case study and domain expertise,Research Required,Softzino service catalog and existing SEO planning files,2026-09-09,"Confirm country-level demand, intent, SERP type, and business fit before approval."
S-160,FinTech software development company,Global English,English,Industry Software Development,Commercial,Vendor shortlist,Industry landing page,Proposed industry page after proof validation,Secondary candidate,,,,Validate in Semrush,Validate manually,High,At least one approved industry-relevant case study and domain expertise,Research Required,Softzino service catalog and existing SEO planning files,2026-09-09,"Confirm country-level demand, intent, SERP type, and business fit before approval."
S-161,eCommerce software development company,Global English,English,Industry Software Development,Commercial,Vendor shortlist,Industry landing page,Proposed industry page after proof validation,Secondary candidate,,,,Validate in Semrush,Validate manually,Medium,At least one approved industry-relevant case study and domain expertise,Research Required,Softzino service catalog and existing SEO planning files,2026-09-09,"Confirm country-level demand, intent, SERP type, and business fit before approval."
S-162,logistics software development company,Global English,English,Industry Software Development,Commercial,Vendor shortlist,Industry landing page,Proposed industry page after proof validation,Secondary candidate,,,,Validate in Semrush,Validate manually,Medium,At least one approved industry-relevant case study and domain expertise,Research Required,Softzino service catalog and existing SEO planning files,2026-09-09,"Confirm country-level demand, intent, SERP type, and business fit before approval."
S-163,SaaS software development company,Global English,English,Industry Software Development,Commercial,Vendor shortlist,Industry landing page,Proposed industry page after proof validation,Secondary candidate,,,,Validate in Semrush,Validate manually,Medium,At least one approved industry-relevant case study and domain expertise,Research Required,Softzino service catalog and existing SEO planning files,2026-09-09,"Confirm country-level demand, intent, SERP type, and business fit before approval."
S-164,manufacturing software development company,Global English,English,Industry Software Development,Commercial,Vendor shortlist,Industry landing page,Proposed industry page after proof validation,Secondary candidate,,,,Validate in Semrush,Validate manually,Medium,At least one approved industry-relevant case study and domain expertise,Research Required,Softzino service catalog and existing SEO planning files,2026-09-09,"Confirm country-level demand, intent, SERP type, and business fit before approval."
S-165,EdTech software development company,Global English,English,Industry Software Development,Commercial,Vendor shortlist,Industry landing page,Proposed industry page after proof validation,Secondary candidate,,,,Validate in Semrush,Validate manually,Medium,At least one approved industry-relevant case study and domain expertise,Research Required,Softzino service catalog and existing SEO planning files,2026-09-09,"Confirm country-level demand, intent, SERP type, and business fit before approval."
S-166,real estate software development company,Global English,English,Industry Software Development,Commercial,Vendor shortlist,Industry landing page,Proposed industry page after proof validation,Secondary candidate,,,,Validate in Semrush,Validate manually,Medium,At least one approved industry-relevant case study and domain expertise,Research Required,Softzino service catalog and existing SEO planning files,2026-09-09,"Confirm country-level demand, intent, SERP type, and business fit before approval."
S-167,automotive software development company,Global English,English,Industry Software Development,Commercial,Vendor shortlist,Industry landing page,Proposed industry page after proof validation,Secondary candidate,,,,Validate in Semrush,Validate manually,Medium,At least one approved industry-relevant case study and domain expertise,Research Required,Softzino service catalog and existing SEO planning files,2026-09-09,"Confirm country-level demand, intent, SERP type, and business fit before approval."
S-168,enterprise software development for startups,Global English,English,Industry Software Development,Commercial,Vendor shortlist,Industry landing page,Proposed industry page after proof validation,Secondary candidate,,,,Validate in Semrush,Validate manually,Medium,At least one approved industry-relevant case study and domain expertise,Research Required,Softzino service catalog and existing SEO planning files,2026-09-09,"Confirm country-level demand, intent, SERP type, and business fit before approval."
S-169,how to choose a custom software development company,Global English,English,Buyer Guides,Informational,Research,Informational guide,Proposed resources section,Primary content candidate,,,,Validate in Semrush,Validate manually,Medium,"Expert review, real process, pricing inputs, and commercial-page internal links",Research Required,Softzino service catalog and existing SEO planning files,2026-09-09,"Confirm country-level demand, intent, SERP type, and business fit before approval."
S-170,custom software development cost,Global English,English,Buyer Guides,Commercial investigation,Research,Informational guide,Proposed resources section,Primary content candidate,,,,Validate in Semrush,Validate manually,Medium,"Expert review, real process, pricing inputs, and commercial-page internal links",Research Required,Softzino service catalog and existing SEO planning files,2026-09-09,"Confirm country-level demand, intent, SERP type, and business fit before approval."
S-171,custom software development process,Global English,English,Buyer Guides,Informational,Problem aware,Informational guide,Proposed resources section,Primary content candidate,,,,Validate in Semrush,Validate manually,Medium,"Expert review, real process, pricing inputs, and commercial-page internal links",Research Required,Softzino service catalog and existing SEO planning files,2026-09-09,"Confirm country-level demand, intent, SERP type, and business fit before approval."
S-172,how long does custom software development take,Global English,English,Buyer Guides,Informational,Research,Informational guide,Proposed resources section,Primary content candidate,,,,Validate in Semrush,Validate manually,Medium,"Expert review, real process, pricing inputs, and commercial-page internal links",Research Required,Softzino service catalog and existing SEO planning files,2026-09-09,"Confirm country-level demand, intent, SERP type, and business fit before approval."
S-173,dedicated development team vs staff augmentation,Global English,English,Buyer Guides,Commercial investigation,Comparison,Informational guide,Proposed resources section,Primary content candidate,,,,Validate in Semrush,Validate manually,Medium,"Expert review, real process, pricing inputs, and commercial-page internal links",Research Required,Softzino service catalog and existing SEO planning files,2026-09-09,"Confirm country-level demand, intent, SERP type, and business fit before approval."
S-174,offshore software development cost,Global English,English,Buyer Guides,Commercial investigation,Research,Informational guide,Proposed resources section,Primary content candidate,,,,Validate in Semrush,Validate manually,Medium,"Expert review, real process, pricing inputs, and commercial-page internal links",Research Required,Softzino service catalog and existing SEO planning files,2026-09-09,"Confirm country-level demand, intent, SERP type, and business fit before approval."
S-175,how to hire dedicated developers,Global English,English,Buyer Guides,Informational,Research,Informational guide,Proposed resources section,Primary content candidate,,,,Validate in Semrush,Validate manually,Medium,"Expert review, real process, pricing inputs, and commercial-page internal links",Research Required,Softzino service catalog and existing SEO planning files,2026-09-09,"Confirm country-level demand, intent, SERP type, and business fit before approval."
S-176,cloud migration checklist,Global English,English,Buyer Guides,Informational,Problem aware,Informational guide,Proposed resources section,Primary content candidate,,,,Validate in Semrush,Validate manually,Medium,"Expert review, real process, pricing inputs, and commercial-page internal links",Research Required,Softzino service catalog and existing SEO planning files,2026-09-09,"Confirm country-level demand, intent, SERP type, and business fit before approval."
S-177,application modernization strategy,Global English,English,Buyer Guides,Informational,Problem aware,Informational guide,Proposed resources section,Primary content candidate,,,,Validate in Semrush,Validate manually,Medium,"Expert review, real process, pricing inputs, and commercial-page internal links",Research Required,Softzino service catalog and existing SEO planning files,2026-09-09,"Confirm country-level demand, intent, SERP type, and business fit before approval."
S-178,QA automation strategy,Global English,English,Buyer Guides,Informational,Problem aware,Informational guide,Proposed resources section,Primary content candidate,,,,Validate in Semrush,Validate manually,Medium,"Expert review, real process, pricing inputs, and commercial-page internal links",Research Required,Softzino service catalog and existing SEO planning files,2026-09-09,"Confirm country-level demand, intent, SERP type, and business fit before approval."
S-179,how to build an MVP,Global English,English,Buyer Guides,Informational,Problem aware,Informational guide,Proposed resources section,Primary content candidate,,,,Validate in Semrush,Validate manually,Medium,"Expert review, real process, pricing inputs, and commercial-page internal links",Research Required,Softzino service catalog and existing SEO planning files,2026-09-09,"Confirm country-level demand, intent, SERP type, and business fit before approval."
S-180,AI implementation guide for business,Global English,English,Buyer Guides,Informational,Problem aware,Informational guide,Proposed resources section,Primary content candidate,,,,Validate in Semrush,Validate manually,Medium,"Expert review, real process, pricing inputs, and commercial-page internal links",Research Required,Softzino service catalog and existing SEO planning files,2026-09-09,"Confirm country-level demand, intent, SERP type, and business fit before approval."
S-181,custom software development company USA,United States,English,Regional Commercial Variations,Commercial,Vendor shortlist,Existing service page or proposed regional page after proof validation,/solutions/custom-software-solutions,Secondary candidate,,,,Validate in Semrush,Validate manually,High,"Real clients, contracts, time-zone support, local terminology, and approved market evidence",Research Required,Softzino service catalog and existing SEO planning files,2026-09-09,Use as a secondary variation unless genuine US-specific content justifies a regional page.
S-182,custom software development company in USA,United States,English,Regional Commercial Variations,Commercial,Vendor shortlist,Existing service page or proposed regional page after proof validation,/solutions/custom-software-solutions,Secondary candidate,,,,Validate in Semrush,Validate manually,High,"Real clients, contracts, time-zone support, local terminology, and approved market evidence",Research Required,Softzino service catalog and existing SEO planning files,2026-09-09,Do not claim USA-based without verified legal or office presence.
S-183,software development company USA,United States,English,Regional Commercial Variations,Commercial,Vendor shortlist,Existing service page or proposed regional page after proof validation,/solutions/custom-software-solutions,Secondary candidate,,,,Validate in Semrush,Validate manually,High,"Real clients, contracts, time-zone support, local terminology, and approved market evidence",Research Required,Softzino service catalog and existing SEO planning files,2026-09-09,"Confirm country-level demand, intent, SERP type, and business fit before approval."
S-184,hire dedicated developers USA,United States,English,Regional Commercial Variations,Commercial,Vendor shortlist,Existing service page or proposed regional page after proof validation,/hire-developers,Secondary candidate,,,,Validate in Semrush,Validate manually,High,"Real clients, contracts, time-zone support, local terminology, and approved market evidence",Research Required,Softzino service catalog and existing SEO planning files,2026-09-09,"Confirm country-level demand, intent, SERP type, and business fit before approval."
S-185,IT staff augmentation company USA,United States,English,Regional Commercial Variations,Commercial,Vendor shortlist,Existing service page or proposed regional page after proof validation,/services/staff-augmentation,Secondary candidate,,,,Validate in Semrush,Validate manually,High,"Real clients, contracts, time-zone support, local terminology, and approved market evidence",Research Required,Softzino service catalog and existing SEO planning files,2026-09-09,"Confirm country-level demand, intent, SERP type, and business fit before approval."
S-186,custom software development company Canada,Canada,English,Regional Commercial Variations,Commercial,Vendor shortlist,Existing service page or proposed regional page after proof validation,/solutions/custom-software-solutions,Secondary candidate,,,,Validate in Semrush,Validate manually,High,"Real clients, contracts, time-zone support, local terminology, and approved market evidence",Research Required,Softzino service catalog and existing SEO planning files,2026-09-09,"Confirm country-level demand, intent, SERP type, and business fit before approval."
S-187,software development company Canada,Canada,English,Regional Commercial Variations,Commercial,Vendor shortlist,Existing service page or proposed regional page after proof validation,/solutions/custom-software-solutions,Secondary candidate,,,,Validate in Semrush,Validate manually,High,"Real clients, contracts, time-zone support, local terminology, and approved market evidence",Research Required,Softzino service catalog and existing SEO planning files,2026-09-09,"Confirm country-level demand, intent, SERP type, and business fit before approval."
S-188,hire dedicated developers Canada,Canada,English,Regional Commercial Variations,Commercial,Vendor shortlist,Existing service page or proposed regional page after proof validation,/hire-developers,Secondary candidate,,,,Validate in Semrush,Validate manually,High,"Real clients, contracts, time-zone support, local terminology, and approved market evidence",Research Required,Softzino service catalog and existing SEO planning files,2026-09-09,"Confirm country-level demand, intent, SERP type, and business fit before approval."
S-189,custom software development company UK,United Kingdom,English,Regional Commercial Variations,Commercial,Vendor shortlist,Existing service page or proposed regional page after proof validation,/solutions/custom-software-solutions,Secondary candidate,,,,Validate in Semrush,Validate manually,High,"Real clients, contracts, time-zone support, local terminology, and approved market evidence",Research Required,Softzino service catalog and existing SEO planning files,2026-09-09,"Confirm country-level demand, intent, SERP type, and business fit before approval."
S-190,bespoke software development company,United Kingdom,English,Regional Commercial Variations,Commercial,Vendor shortlist,Existing service page or proposed regional page after proof validation,/solutions/custom-software-solutions,Secondary candidate,,,,Validate in Semrush,Validate manually,High,"Real clients, contracts, time-zone support, local terminology, and approved market evidence",Research Required,Softzino service catalog and existing SEO planning files,2026-09-09,"Confirm country-level demand, intent, SERP type, and business fit before approval."
S-191,software development company UK,United Kingdom,English,Regional Commercial Variations,Commercial,Vendor shortlist,Existing service page or proposed regional page after proof validation,/solutions/custom-software-solutions,Secondary candidate,,,,Validate in Semrush,Validate manually,High,"Real clients, contracts, time-zone support, local terminology, and approved market evidence",Research Required,Softzino service catalog and existing SEO planning files,2026-09-09,"Confirm country-level demand, intent, SERP type, and business fit before approval."
S-192,hire dedicated developers UK,United Kingdom,English,Regional Commercial Variations,Commercial,Vendor shortlist,Existing service page or proposed regional page after proof validation,/hire-developers,Secondary candidate,,,,Validate in Semrush,Validate manually,High,"Real clients, contracts, time-zone support, local terminology, and approved market evidence",Research Required,Softzino service catalog and existing SEO planning files,2026-09-09,"Confirm country-level demand, intent, SERP type, and business fit before approval."
S-193,software development company Germany,Germany,English and German,Regional Commercial Variations,Commercial,Vendor shortlist,Existing service page or proposed regional page after proof validation,/solutions/custom-software-solutions,Secondary candidate,,,,Validate in Semrush,Validate manually,High,"Real clients, contracts, time-zone support, local terminology, and approved market evidence",Research Required,Softzino service catalog and existing SEO planning files,2026-09-09,Validate language and local-intent requirements before proposing a page.
S-194,custom software development company Germany,Germany,English and German,Regional Commercial Variations,Commercial,Vendor shortlist,Existing service page or proposed regional page after proof validation,/solutions/custom-software-solutions,Secondary candidate,,,,Validate in Semrush,Validate manually,High,"Real clients, contracts, time-zone support, local terminology, and approved market evidence",Research Required,Softzino service catalog and existing SEO planning files,2026-09-09,Do not create an English-only regional page without SERP and business validation.
S-195,software development company Netherlands,Netherlands,English,Regional Commercial Variations,Commercial,Vendor shortlist,Existing service page or proposed regional page after proof validation,/solutions/custom-software-solutions,Secondary candidate,,,,Validate in Semrush,Validate manually,High,"Real clients, contracts, time-zone support, local terminology, and approved market evidence",Research Required,Softzino service catalog and existing SEO planning files,2026-09-09,"Confirm country-level demand, intent, SERP type, and business fit before approval."
S-196,custom software development company Denmark,Denmark,English,Regional Commercial Variations,Commercial,Vendor shortlist,Existing service page or proposed regional page after proof validation,/solutions/custom-software-solutions,Secondary candidate,,,,Validate in Semrush,Validate manually,High,"Real clients, contracts, time-zone support, local terminology, and approved market evidence",Research Required,Softzino service catalog and existing SEO planning files,2026-09-09,"Confirm country-level demand, intent, SERP type, and business fit before approval."
S-197,software development company Sweden,Sweden,English,Regional Commercial Variations,Commercial,Vendor shortlist,Existing service page or proposed regional page after proof validation,/solutions/custom-software-solutions,Secondary candidate,,,,Validate in Semrush,Validate manually,High,"Real clients, contracts, time-zone support, local terminology, and approved market evidence",Research Required,Softzino service catalog and existing SEO planning files,2026-09-09,"Confirm country-level demand, intent, SERP type, and business fit before approval."
S-198,offshore software development company Europe,Selected European countries,English,Regional Commercial Variations,Commercial,Vendor shortlist,Existing service page or proposed regional page after proof validation,/solutions/custom-software-solutions,Secondary candidate,,,,Validate in Semrush,Validate manually,High,"Real clients, contracts, time-zone support, local terminology, and approved market evidence",Research Required,Softzino service catalog and existing SEO planning files,2026-09-09,Validate separately by country; Europe is not one keyword database.
