query,country,search_date,rank,domain,url,page_type,intent,serp_features,content_gap,source
"custom software development company USA","United States","2026-09-09","1","clutch.co","https://clutch.co/us/developers","Directory/listing","Commercial vendor shortlist","Research Required","Directories dominate; Softzino needs approved proof, differentiation, and conversion path.","Live web search result; observed order only"
"custom software development company USA","United States","2026-09-09","2","designrush.com","https://www.designrush.com/agency/software-development/us","Directory/listing","Commercial vendor shortlist","Research Required","Directory page suggests buyers compare vendors; Softzino needs stronger vendor proof.","Live web search result; observed order only"
"custom software development company USA","United States","2026-09-09","3","sophylabs.com","https://www.sophylabs.com/top-custom-software-development-companies-usa","Listicle","Commercial investigation","Research Required","Listicle angle increases need for proof, examples, and comparison-friendly content.","Live web search result; observed order only"
"API development company USA","United States","2026-09-09","1","clutch.co","https://clutch.co/us/developers/api","Directory/listing","Commercial vendor shortlist","Research Required","API page should address security, governance, integration types, and examples.","Live web search result; observed order only"
"mobile app development company USA","United States","2026-09-09","1","clutch.co","https://clutch.co/us/app-developers","Directory/listing","Commercial vendor shortlist","Research Required","Mobile page needs portfolio proof, platform comparison, and app launch process.","Live web search result; observed order only"
"custom software development company Canada","Canada","2026-09-09","1","designrush.com","https://www.designrush.com/agency/software-development/ca","Directory/listing","Commercial vendor shortlist","Research Required","Canadian intent appears directory-led; local proof and time-zone claims need approval.","Live web search result; observed order only"
"custom software development company Canada","Canada","2026-09-09","2","clutch.co","https://clutch.co/ca/developers","Directory/listing","Commercial vendor shortlist","Research Required","Softzino should not create Canada page until Canadian relevance and proof are approved.","Live web search result; observed order only"
"custom software development company Canada","Canada","2026-09-09","3","agencylist.com","https://agencylist.com/custom-software-development/ca/","Directory/listing","Commercial vendor shortlist","Research Required","Competitive page type is vendor comparison; requires evidence before market landing page.","Live web search result; observed order only"
"software development companies Canada","Canada","2026-09-09","1","modall.ca","https://modall.ca/blog/best-software-development-companies-canada","Listicle","Commercial investigation","Research Required","Canada-focused listicles create need for credible proof and local buyer concerns.","Live web search result; observed order only"
"software development companies Canada","Canada","2026-09-09","2","goodfirms.co","https://www.goodfirms.co/directory/country/top-software-development-companies/ca/","Directory/listing","Commercial vendor shortlist","Research Required","Directory SERP means profile strength and third-party proof may matter.","Live web search result; observed order only"
"custom software development company UK","United Kingdom","2026-09-09","1","securitysenses.com","https://www.securitysenses.com/posts/top-5-custom-software-development-companies-uk-reviewed-and-ranked","Listicle","Commercial investigation","Research Required","UK page should not launch without UK proof, GDPR/IP language, and buyer-local wording.","Live web search result; observed order only"
"custom software development company UK","United Kingdom","2026-09-09","2","spiderhunts.com","https://spiderhunts.com/blog/best-custom-software-development-companies-uk-2026","Listicle","Commercial investigation","Research Required","Listicle pattern suggests comparison content and proof are important.","Live web search result; observed order only"
"custom software development company UK","United Kingdom","2026-09-09","3","revenuebase.ai","https://revenuebase.ai/companies/custom-software-development-firms/united-kingdom","Directory/database","Commercial vendor shortlist","Research Required","Vendor database pattern requires evidence before regional claims.","Live web search result; observed order only"
"custom software development company UK","United Kingdom","2026-09-09","4","clutch.co","https://clutch.co/developers","Directory/listing","Commercial vendor shortlist","Research Required","Broad directory result reinforces need for differentiated UK buyer proof.","Live web search result; observed order only"
"custom software development company Germany","Germany","2026-09-09","1","techvendorindex.com","https://www.techvendorindex.com/regions/germany/custom-software-development/","Directory/listing","Commercial vendor shortlist","Research Required","Germany page requires approved German-market relevance, language, contracts, and proof.","Live web search result; observed order only"
"custom software development company Germany","Germany","2026-09-09","2","revenuebase.ai","https://revenuebase.ai/companies/custom-software-development-agencies/germany","Directory/database","Commercial vendor shortlist","Research Required","Regional database pattern; do not claim Germany presence without verification.","Live web search result; observed order only"
"custom software development company Germany","Germany","2026-09-09","3","axireinfotech.com","https://www.axireinfotech.com/blog/custom-software-development-company-germany-2026-guide","Guide/listicle","Commercial investigation","Research Required","German-market guide content suggests need for localized buyer guidance.","Live web search result; observed order only"
"software development company Germany","Germany","2026-09-09","1","clutch.co","https://clutch.co/de/developers","Directory/listing","Commercial vendor shortlist","Research Required","Directory result means proof, reviews, and local relevance need validation.","Live web search result; observed order only"
"web development company Germany","Germany","2026-09-09","1","clutch.co","https://clutch.co/de/web-developers","Directory/listing","Commercial vendor shortlist","Research Required","Web-app page should stay global until Germany-specific research and proof are approved.","Live web search result; observed order only"
